Best of eCommerce,Best of SaaS & Apps,Top Viral Hooks,Best of Creators
https://www.instagram.com/reel/DFLw3SmSNti/?igsh=MXF0NnM0eGpqc3I1cA==,https://www.tiktok.com/@getpandaextract/video/7497181889485098247?is_from_webapp=1&sender_device=pc,https://www.instagram.com/p/C-ta_pvhfvK/,https://www.instagram.com/reel/DIfR8HKN1S-/?igsh=OHh1eHU2dW9tNG5m
https://www.instagram.com/reel/CxGOIGdLY8z/?igsh=bDhieDZ4ZXhnNzF4,https://www.tiktok.com/@oasis.app/video/7344458023001230622?is_from_webapp=1&sender_device=pc,https://www.instagram.com/reel/C9vqgHxuz1E/?utm_source=ig_web_copy_link&igsh=MzRlODBiNWFlZA==,https://www.instagram.com/reel/DDM3Ca6pLGX/?igsh=eGt6Ym0ycmR6enM=
https://www.instagram.com/reel/DJfOuVhyw60/?igsh=ZHdqNGl6NHZjYW5r,https://www.tiktok.com/@samsulekdailyrank/video/7457938066519493893?is_from_webapp=1&sender_device=pc,https://www.instagram.com/p/C8dJXv1PjzF/,https://www.instagram.com/reel/DDKX5y3Jqts/?igsh=MTFrZXF0c3R3azVsbQ==
https://www.instagram.com/reel/DH5kgJqqd9B/?igsh=MTdqdGszMjZoamQzZg==,https://www.tiktok.com/@liftoff_app/photo/7315584552959790341?is_from_webapp=1&sender_device=pc,https://www.instagram.com/reel/C4tAzeYL8yA/?utm_source=ig_web_copy_link&igsh=MzRlODBiNWFlZA==,https://www.instagram.com/reel/DGtz7JJS7YK/?igsh=ODhhNGVwcXZnZzNo
https://www.instagram.com/reel/DDId2YuR1wB/?igsh=ZXV5Mnkxc210MW8y,https://www.tiktok.com/@liftoff_app/photo/7384896121098767622?is_from_webapp=1&sender_device=pc,https://www.instagram.com/p/C7WV9_TI5dT/,https://www.instagram.com/reel/DE3nH-wzAhH/?igsh=YjcwM254czM2N29v
https://www.instagram.com/reel/DFYJv7MKZw4/?igsh=ZWs1ZWNoanZ4d255,https://www.tiktok.com/@liftoff_app/photo/7384828141245713669?is_from_webapp=1&sender_device=pc,https://www.instagram.com/p/C-sSyDpoyMX/,https://www.instagram.com/reel/DJ9glMuJNvR/?igsh=MW02bmpqMzdraHlkcA==
https://www.instagram.com/p/DDkV8tOS9AH/,https://www.tiktok.com/@liftoff30/video/7455420910011534623?is_from_webapp=1&sender_device=pc,https://www.instagram.com/p/C9bUq2CtvUv/,https://www.instagram.com/reel/DDpMLXQu-LW/?igsh=MTViN2FvcDYwM3p2dg==
https://www.instagram.com/p/DEiJIr4yN2r/,https://www.tiktok.com/@flamingo.cards/photo/7345522732827708715?is_from_webapp=1&sender_device=pc,https://www.instagram.com/p/C8rJipAy8I8/,https://www.instagram.com/reel/DDw_e2zvvLJ/?igsh=MTN3N2VhYTdvZWJvcQ==
https://www.instagram.com/p/DEOFeTNPAbw/,https://www.tiktok.com/@flamingo.cards/photo/7254250109674868011?is_from_webapp=1&sender_device=pc,https://www.instagram.com/p/C_-u411xe4m/,https://www.instagram.com/reel/DEiM2fopAo0/?igsh=cHZrb2NzcmtsdmF3
https://www.instagram.com/p/DJDGScATDDt/,https://www.tiktok.com/@flamingo.cards/photo/7241425465481776427?is_from_webapp=1&sender_device=pc,https://www.instagram.com/p/DBkvHncxD2t/,https://www.instagram.com/reel/DDfjHQRzGbn/?igsh=emVvc2Z5OXhlcXoy
https://www.instagram.com/p/DEiF5i_IuRl/,https://www.tiktok.com/@chiaraking/video/7047953644108434693?is_from_webapp=1&sender_device=pc,https://www.instagram.com/reel/C-CPzwMReyb/?igsh=MXBiYmdmc3dudm5vcg%3D%3D,https://www.instagram.com/reel/DE1fZc6SnDf/?igsh=MXM5bWxwam8yNmhqbg==
https://www.instagram.com/p/DGWK3-RSkl-/,https://www.tiktok.com/@oasis.app/video/7398674160718794030?is_from_webapp=1&sender_device=pc,https://www.instagram.com/alexgamblecoach/reel/C60q1FPPrLW/,https://www.instagram.com/reel/DDe5rnbN7fs/?igsh=bWMwN2pheHBmM2Vv
https://www.instagram.com/p/DHJ8T-hu3Uh/,https://www.tiktok.com/@oasis.app/video/7406781978994937131?is_from_webapp=1&sender_device=pc,https://www.instagram.com/p/DGOZZYhS1cj/,https://www.instagram.com/reel/DEXlrdtP1nl/?igsh=bWRqbDI2eWJqeGht
https://www.instagram.com/p/DHZnXUXMqha/,https://www.tiktok.com/@daterightstuff/video/7318873036088741128?is_from_webapp=1&sender_device=pc,https://www.instagram.com/reel/DE9tW4dyxlJ/?igsh=MWwyeWRoYXlkeXd5cA%3D%3D,https://www.instagram.com/reel/DJT3cRDJqcR/?igsh=MXdzcjRtcmNtemRpaQ==
https://www.instagram.com/p/DJJdvSoOThg/,https://www.tiktok.com/@turbolearn.ai101/video/7404352074466561296?is_from_webapp=1&sender_device=pc,https://www.instagram.com/reel/DEsW49SM6z3/?igsh=MXc4eXFleDU0cDB4OA==,https://www.instagram.com/reel/DDLN43KSz0M/?igsh=eG93bnE2bzh1Z3J6
https://www.instagram.com/p/Cn2i2qYvoX7/,https://www.tiktok.com/@nicole.studywme/video/7496881075298389253?is_from_webapp=1&sender_device=pc,https://www.instagram.com/reel/DBZT2Q5RJ2W/?igsh=MTBtc3gwNXVyM2ppdg%3D%3D,https://www.instagram.com/reel/C7UIvEmuhQp/?igsh=OXJpN3pyNGI4dWFo
https://www.instagram.com/p/CzUFi7sxSZd/,https://www.tiktok.com/@studywlieu/video/7498844118194343173?is_from_webapp=1&sender_device=pc,https://www.instagram.com/p/C-SR22KOEDY/,https://www.instagram.com/reel/C-SR22KOEDY/?igsh=YjE3czhkdDRjYjg1
https://www.instagram.com/p/DGiv8yjuJ7E/,https://www.tiktok.com/@studyingwithisabella/video/7497673066298772766?is_from_webapp=1&sender_device=pc,https://www.instagram.com/sethwickstrom_fitness/reel/DAtNQtAxUNQ/,https://www.instagram.com/reel/C-YmxIwiczC/?igsh=MWUyMWRqNWR5ZXcwdA==
https://www.instagram.com/p/DH8-CDmiM3P/,https://www.tiktok.com/@studywlieu/video/7493674660744154374?is_from_webapp=1&sender_device=pc,https://www.instagram.com/reel/C4YY12SxuRo/,https://www.instagram.com/reel/DEyNhpPPwXs/?igsh=bm96bjR4aXN6eG91
https://www.instagram.com/p/DIILalaRwYa/,https://www.tiktok.com/@bepresentbros/photo/7432430177017203999?is_from_webapp=1&sender_device=pc,https://www.instagram.com/p/DBfqo-0zxTb/,https://www.instagram.com/reel/DEplVoEvFcJ/?igsh=Y2h5eGh6cTF6cThv
https://www.instagram.com/p/DFamhudN62n/,https://www.tiktok.com/@bepresentbros/photo/7421558001049406750?is_from_webapp=1&sender_device=pc,https://www.instagram.com/p/DB6kCMQR0oX/,https://www.instagram.com/reel/DHXK1SlyovO/?igsh=cnU4aHc3N2drYmJh
https://www.instagram.com/p/DEn9J8exZvH/,https://www.tiktok.com/@bepresentbros/photo/7438695454541483295?is_from_webapp=1&sender_device=pc,https://www.instagram.com/p/C9uwXS_uJJ6/,https://www.instagram.com/reel/DIdzzy_Cnou/?igsh=OTVqbDg3dWxocHIw
https://www.instagram.com/p/DC90cCtySkw/,https://www.tiktok.com/@nessa.biblechat/video/7447690758359928095?is_from_webapp=1&sender_device=pc,https://www.instagram.com/share/_9R_a4MER,https://www.instagram.com/reel/DFvFEsNRcqD/?igsh=eDUwcjZkYnVyazlv
https://www.instagram.com/p/C6dPo0YobT1/,https://www.tiktok.com/@innertune.affirmations/video/7499546602768436502?is_from_webapp=1&sender_device=pc,https://www.instagram.com/share/BADjOvZhzs,https://www.instagram.com/reel/C9hxz_hCe6e/?igsh=NzFiYWl4dmhuaDV1
https://www.instagram.com/p/DJr68XtSnVR/,https://www.tiktok.com/@innertune.affirmations/video/7498432882457840918?is_from_webapp=1&sender_device=pc,https://www.instagram.com/reel/DEVCeefOF08/?igsh=MThxZXZyMnFkZXNj,https://www.instagram.com/reel/DJIey1PtOyu/?igsh=YmlyYzg3bHB1dGFu
https://www.instagram.com/p/DJsHGBMRdEf/,https://www.tiktok.com/@innertune.affirmations/video/7492130358981397782?is_from_webapp=1&sender_device=pc,https://www.instagram.com/reel/DC2pqKUpy7C/?igsh=ZzBjeG93cDh6aWoy,https://www.instagram.com/reel/DD4T7lpyTzY/?igsh=dG5jb203NGkxYmUz
https://www.instagram.com/p/DGWfsGqJY-G/,https://www.tiktok.com/@mybirdbuddy/video/7494967990027390230?is_from_webapp=1&sender_device=pc,https://www.instagram.com/reel/C9atuV6s3J0/?igsh=aDhtdm5wNXNzOTk5,https://www.instagram.com/reel/DI6Zt3JsBh_/?igsh=Yjd5anM0dGhtNHhq
https://www.instagram.com/p/DFOueL5OjTk/,https://www.tiktok.com/@mybirdbuddy/video/7504635251554127126?is_from_webapp=1&sender_device=pc,https://www.instagram.com/reel/C-8RO71JxRv/?igsh=MTdrZzdrZWdnbTdzZA==,https://www.instagram.com/reel/DHZyExyyfrQ/?igsh=NnV0Y3F1cjVsdGR3
https://www.instagram.com/p/DAiTmAlypw4/,https://www.tiktok.com/@mybirdbuddy/photo/7324823998703865120?is_from_webapp=1&sender_device=pc,https://www.instagram.com/reel/DC5P-_EMzFm/?igsh=MTZyajlweWk5ZGI1cQ==,https://www.instagram.com/reel/DGyyojsB08s/?igsh=MTR0a2k0Zm1uM2hwbg==
https://www.instagram.com/p/DClgIvGyozL/,https://www.tiktok.com/@musacycle/video/7470271141622451511?is_from_webapp=1&sender_device=pc,https://www.instagram.com/reel/C_bBILMsNzh/?utm_source=ig_web_copy_link&igsh=MzRlODBiNWFlZA==,https://www.instagram.com/reel/DIGwiaFvq3O/?igsh=dDBodXcxZzg0bmx5
https://www.instagram.com/p/DF4p7jvSV2a/,https://www.tiktok.com/@musadragon/video/7480641875628592430?is_from_webapp=1&sender_device=pc,https://www.instagram.com/p/C8BpxhQNKCj/,https://www.instagram.com/reel/DI0ymmYu1iD/?igsh=cjBibzVpZXUwaTVr
https://www.instagram.com/p/DFVdIqcy2A-/,https://www.tiktok.com/@fatherdooki/photo/7265001624890953006?is_from_webapp=1&sender_device=pc,https://www.instagram.com/p/C3spnM9IOKG/,https://www.instagram.com/reel/DIgbTXSuktw/?igsh=MTZ0am9waGUydW4yMA==
https://www.instagram.com/p/DEDVhdrSfbP/,https://www.tiktok.com/@starr.ila/video/7371243180697619758?is_from_webapp=1&sender_device=pc,https://www.instagram.com/p/DDmz346s6x2/,https://www.instagram.com/reel/DIbU9KIOFrm/?igsh=cnpwdWlkMHJnbGxp
https://www.instagram.com/p/C3OMyEgyoly/,https://www.tiktok.com/@bhaddieb_03/video/7366502177176554794?is_from_webapp=1&sender_device=pc,https://www.instagram.com/reel/DEPpiQkobO7/,https://www.instagram.com/reel/DF8Skc7AQRF/?igsh=MWN4NTc4OHhwN3YxMQ==
https://www.instagram.com/p/DAziqESvlyN/,https://www.tiktok.com/@supplesense/photo/7462718298963168534?is_from_webapp=1&sender_device=pc,https://www.instagram.com/reel/C27sCLIxGIu/,https://www.instagram.com/reel/DFZUqRBPFfa/?igsh=MTA2eDh5OHNqNnV3cg==
https://www.instagram.com/p/DE3_A1CsdRV/,https://www.tiktok.com/@cal_ai_/photo/7458853443835301126?is_from_webapp=1&sender_device=pc,https://www.instagram.com/p/C60q1FPPrLW/,https://www.instagram.com/reel/DGQrQ7LvWlV/?igsh=eDQ5Z3BsYmY3emJu
https://www.instagram.com/p/DGLQubyIVFv/,https://www.tiktok.com/@kaias_lensss/video/7375273082308726062?is_from_webapp=1&sender_device=pc,https://www.instagram.com/reel/DAvjqruooP3/?igsh=cXcwcnAyMmo1ZTFv,https://www.instagram.com/reel/DFlZj3QSg7T/?igsh=MTFhNDBvMmVheWg2
https://www.instagram.com/p/DFcTOjHR4io/,https://www.tiktok.com/@locketcamera/video/7047999951283997998?is_from_webapp=1&sender_device=pc,https://www.instagram.com/p/DAmA1Wnqh4X/,https://www.instagram.com/reel/DHfQLYtRFeW/?igsh=MWN6djBlOGhhM2RuMQ==
https://www.instagram.com/p/DHjik7Ax2vx/,https://www.tiktok.com/@just_eliias/video/7439542825609366802?is_from_webapp=1&sender_device=pc,https://www.instagram.com/reel/DEXaRPkOSjV/?igsh=MXYxZm05YzRzdXVyMg%3D%3D,https://www.instagram.com/reel/DFVhjc_p39q/?igsh=aTFqenBkcGU2OHR5
https://www.instagram.com/p/DC0K8yDS2lr/,https://www.tiktok.com/@locketcamera/video/7331071674336415018?is_from_webapp=1&sender_device=pc,https://www.instagram.com/reel/C_oaRbkuJaG/,https://www.instagram.com/reel/DHqyH8bsanx/?igsh=MWVkZWhxbm11Mm90ag==
https://www.instagram.com/p/DJ2O0u9zSLI/,https://www.tiktok.com/@recbysumsum/video/7352748609407847681?is_from_webapp=1&sender_device=pc,https://www.instagram.com/reel/C6qt2B4NKA1/,https://www.instagram.com/reel/DAXXuQFOlnL/?igsh=ZnZyd2RleHo3cm90
https://www.instagram.com/p/DDZVMBjgPmJ/,https://www.tiktok.com/@ericacorreaaa/video/7491375284642401582?is_from_webapp=1&sender_device=pc,https://www.instagram.com/reel/DDmm7AXxKLa/,https://www.instagram.com/reel/DCmMdX3NIjq/?igsh=aWdsOTUxbmRscWJm
https://www.instagram.com/p/DFlBjXPSFkE/,https://www.tiktok.com/@locketcamera/photo/7433504734645931307?is_from_webapp=1&sender_device=pc,https://www.instagram.com/p/DA0kc0DCM0h/,https://www.instagram.com/reel/DH-PtyWs3bn/?igsh=OHNiMG1rOGVmZGFs
https://www.instagram.com/p/DJ0FDiMtR_j/,https://www.tiktok.com/@heillyraices/video/7450578973089778990?is_from_webapp=1&sender_device=pc,https://www.instagram.com/p/DBe3QaNyQEi/,https://www.instagram.com/reel/DDrwl5ix3a0/?igsh=MXE3cG5oejZ2OTJoZA==
https://www.instagram.com/p/DHbyfhcRpvJ/,https://www.tiktok.com/@c.rnne/video/7480185254565743888?is_from_webapp=1&sender_device=pc,https://www.instagram.com/p/DBROBQTK9De/,https://www.instagram.com/reel/DGVJ3n3SGhc/?igsh=MXJobnJqandrYW5jdQ==
https://www.instagram.com/p/DGg20I_Ofus/,https://www.tiktok.com/@weddinghubs/video/7306602237302754593?is_from_webapp=1&sender_device=pc,https://www.instagram.com/p/C9pwV7rPMVo/,https://www.instagram.com/reel/DGMWqoEym8d/?igsh=MWl2YWhxczNpeG54Ng==
https://www.instagram.com/p/DFwIpfAtAmQ/,https://www.tiktok.com/@thatspecialwedding/video/7435786005313047850?is_from_webapp=1&sender_device=pc,https://www.instagram.com/reel/DFAr9dPA4F4/?igsh=eWVxamg2eDF2cTBt,https://www.instagram.com/reel/DIJjSd8Jeay/?igsh=ODl1dnJoczQ3ODhq
https://www.instagram.com/p/DIotTD-RK3k/,https://www.tiktok.com/@tohaveandtohold24/video/7429694326566833439?is_from_webapp=1&sender_device=pc,https://www.instagram.com/p/C9GHw6MO48j/,https://www.instagram.com/reel/DHl8wDeR7KC/?igsh=MTFwMjQwdTdsd281aQ==
https://www.instagram.com/p/DG9v8QcxTSm/,https://www.tiktok.com/@nedatheastrologer/video/7468720532507118894?is_from_webapp=1&sender_device=pc,https://www.instagram.com/p/C84meBcM9NB/,https://www.instagram.com/reel/DFqHuOWvXcg/?igsh=OWR5MWRndm44YW5t
https://www.instagram.com/p/DDNPEAGyBkK/,https://www.tiktok.com/@nedatheastrologer/video/7494653720391699758?is_from_webapp=1&sender_device=pc,https://www.instagram.com/reel/C79z4euRhlV/,https://www.instagram.com/reel/DFvjm8vJ-y6/?igsh=MXVwdXEwdDN1dWRvbQ==
https://www.instagram.com/p/CvFnwa_sS41/,https://www.tiktok.com/@nedatheastrologer/video/7450872841521728814?is_from_webapp=1&sender_device=pc,https://www.instagram.com/p/C7XpT7tPwCP/,https://www.instagram.com/reel/DHXENFjAOYb/?igsh=MWEyYTV3eXFoMWNvNQ==
https://www.instagram.com/p/DGV68J4vCZP/,https://www.tiktok.com/@nedatheastrologer/video/7495795818591489310?is_from_webapp=1&sender_device=pc,https://www.instagram.com/p/C9t1s7myhI7/,https://www.instagram.com/reel/DDnNX1PzLo5/?igsh=N205cnFvanNwNXMw
https://www.instagram.com/p/DGKnI4LBpmn/,https://www.tiktok.com/@adaffyxo/video/7479233737830468906?is_from_webapp=1&sender_device=pc,https://www.instagram.com/p/C9GM_SJpJ3k/,https://www.instagram.com/reel/DGDsc_ruW4j/?igsh=ZHBoeGRmeTQyZDNu
https://www.instagram.com/p/DDpTqOovShl/,https://www.tiktok.com/@adaffyxo/video/7482231966520134958?is_from_webapp=1&sender_device=pc,https://www.instagram.com/reel/C_njKwBOuLi/,https://www.instagram.com/reel/DDmoDpxu50R/?igsh=MWFidm5ndTl0bjlobg==
https://www.instagram.com/p/DJwZbsSu-ep/,https://www.tiktok.com/@adaffyxo/video/7503732314380455214?is_from_webapp=1&sender_device=pc,https://www.instagram.com/p/C-IOTqUtbth/,https://www.instagram.com/reel/DDfKvyZSE2b/?igsh=MXJzOGN6Y2gxeG8yag==
https://www.instagram.com/p/DFtp0PRuorw/,https://www.tiktok.com/@adaffyxo/video/7486588358605425963?is_from_webapp=1&sender_device=pc,https://www.instagram.com/reel/DEq8rUQyR92/,https://www.instagram.com/reel/DI8agH_zOw4/?igsh=MXVoYmdzeWVvYXdyNw==
https://www.instagram.com/p/DFa6cr5Pgvx/,https://www.tiktok.com/@lingolooper/video/7486459794740579606?is_from_webapp=1&sender_device=pc,https://www.instagram.com/reel/DEgmPM_yqsz/,https://www.instagram.com/reel/DEnHb4QRNMc/?igsh=MXA2eGZoMjU3aTQwdg==
https://www.instagram.com/p/DIWUKk2sXIU/,https://www.tiktok.com/@theplugai/photo/7465255093374307590?is_from_webapp=1&sender_device=pc,https://www.instagram.com/reel/DDrwl5ix3a0/?igsh=MW14dGUybG5rYnhxdQ==,https://www.instagram.com/reel/DFf7WpdREbp/?igsh=MWhtYXZ4Njhzendjdg==
https://www.instagram.com/p/DHnWuR3xax_/,https://www.tiktok.com/@kingrizzleroffici/photo/7470396532760562974?is_from_webapp=1&sender_device=pc,https://www.instagram.com/share/BAIu4m7QIH,https://www.instagram.com/reel/DJelaYvsooB/?igsh=dWl2Y3lnanpqd2My
https://www.instagram.com/p/DHJtJNjSv-q/,https://www.tiktok.com/@reverserizzler/photo/7392393343268883717?is_from_webapp=1&sender_device=pc,https://www.instagram.com/p/CzevtHvyxxX/,https://www.instagram.com/reel/DJKsKpMp4cl/?igsh=MWV6cTM5cjVuM2hkNg==
https://www.instagram.com/p/DJMPvxcshhQ/,https://www.tiktok.com/@dittolists/video/7375234506925608197?is_from_webapp=1&sender_device=pc,https://www.instagram.com/p/DBnbVTMSaJb/,https://www.instagram.com/reel/DGBNLZVRzl4/?igsh=YmExYmJ3M3p5dTB1
https://www.instagram.com/p/DGlKPtlCKzN/,https://www.tiktok.com/@dittolists/video/7377821834680503558?is_from_webapp=1&sender_device=pc,https://www.instagram.com/reel/DFfnKFWusVf/?igsh=MXE1d3ZybnJ6eXIwZg==,https://www.instagram.com/reel/DIxIjhIxLPU/?igsh=MTVvN3FwNmFnc3czdw==
https://www.instagram.com/p/DBj4HW-o5Xk/,https://www.tiktok.com/@dittolists/video/7382306032237677830?is_from_webapp=1&sender_device=pc,https://www.instagram.com/p/C_ZVKRfSMm_/,https://www.instagram.com/reel/DFV6am_Ipao/?igsh=MTBpcnU4ZnpzeGhrYg==
https://www.instagram.com/p/DHEYLfWo9fv/,https://www.tiktok.com/@brainly444/video/7460225413130865953?is_from_webapp=1&sender_device=pc,https://www.instagram.com/reel/DDEBm2jOYMG/?igsh=cXl6cjNwc3pnajF4,https://www.instagram.com/reel/DFiGBWPIu7c/?igsh=a3E0dmNlYW0xZ3li
https://www.instagram.com/p/DJrm_r2p3sm/,https://www.tiktok.com/@getbrainly/video/7461899167175167238?is_from_webapp=1&sender_device=pc,https://www.instagram.com/reel/DCg1__Wsy7F/?igsh=ZGhrM3B5eTVrZzht,https://www.instagram.com/reel/DIryvFFzqXn/?igsh=MTV4dnJ1d255ZDNiag==
https://www.instagram.com/p/DJ15IoiOfTn/,https://www.tiktok.com/@getbrainly/video/7478220792543677701?is_from_webapp=1&sender_device=pc,https://www.instagram.com/reel/DDJM-ivP9-v/?igsh=ZDh0bG51azdpMDc0,https://www.instagram.com/reel/DHRI9vYPydZ/?igsh=ZzNodnQyc2FoYTcz
https://www.instagram.com/p/DGBQ9GepTIv/,https://www.tiktok.com/@getbrainly/video/7466828441933925637?is_from_webapp=1&sender_device=pc,https://www.instagram.com/reel/C-5yJQmoPsM/?igsh=ejRheHR1ODg4NW83,https://www.instagram.com/reel/DJmmSXgPFLa/?igsh=MXh5djd2NGJ5MHAxZQ==
https://www.instagram.com/p/DESqMszpHFi/,https://www.tiktok.com/@manifest.copia/video/7475193356298177838?is_from_webapp=1&sender_device=pc,https://www.instagram.com/reel/DAYtnokvm-J/?igsh=dmN0ZTNudGtodGpr,https://www.instagram.com/reel/DJN-6qyMvND/?igsh=MTNvbDBvdjRrNDhmcA==
https://www.instagram.com/p/CtFhr8JpDUX/,https://www.tiktok.com/@manifest.copia/video/7479213219320483114?is_from_webapp=1&sender_device=pc,https://www.instagram.com/reel/DAOowDot7OB/?igsh=MW9ibGhiNHhsZjRweg%3D%3D,https://www.instagram.com/reel/DF3ShMpSeTl/?igsh=MXdhbzJtbXF5NzdqeA==
https://www.instagram.com/p/C1a_38MpSpd/,https://www.tiktok.com/@manifest.copia/photo/7426932571981827359?is_from_webapp=1&sender_device=pc,https://www.instagram.com/reel/DFkNykWxPoe/?igsh=OXQ0ODJkcmlpeml0,https://www.instagram.com/reel/DENd0Npx2kM/?igsh=MW8zaTFlbHJmbGdjcw==
https://www.instagram.com/p/DHjz7L9pyv2/,https://www.instagram.com/reel/DJE1YN8RSVZ/?igsh=ZXZwczBzbTRvMmN2,https://www.instagram.com/p/DDohj4MI-7U/,
https://www.instagram.com/p/DJfZmufsZvw/,https://www.instagram.com/reel/DGV7UYPRmLM/?igsh=bW5jMndkc3g5c2Vr,https://www.instagram.com/reel/C9KNzOkIk6m/?igsh=MTAzOGQ1Zm53OXNjaw%3D%3D,
https://www.instagram.com/p/DJ2XZLCMF-D/,https://www.instagram.com/reel/DDJGtl2SrvV/?igsh=MTAzbXRjamhuaG92dg==,https://www.instagram.com/reel/C6uGU4xxKV_/,
https://www.instagram.com/p/DJ7TOCQs2C0/,https://www.instagram.com/reel/DJuBpVxMiON/?igsh=a2dtY3cwaHdiYzR5,https://www.instagram.com/reel/DEJiasASTVx/,
https://www.instagram.com/p/CjY2T0Uv1Ob/,https://www.instagram.com/reel/DJlzEbAtPAz/?igsh=OWlsMGt4d2J6c3Nz,https://www.instagram.com/p/DC5ioSRMrnS/,
https://www.instagram.com/p/C8IkwXzydog/,https://www.instagram.com/reel/DDujFQqI3Bx/?igsh=MW45Yjh6ZzRzb3FieA==,https://www.instagram.com/p/C_50kObxUwc/,
https://www.instagram.com/p/DGWm2hnM56v/,https://www.instagram.com/reel/DHT7Ul2vKOU/?igsh=MTBncTZ0NWN1cmVjZA==,https://www.instagram.com/p/DFf7WpdREbp/,
https://www.instagram.com/p/DIHUGMlIAKW/,https://www.instagram.com/reel/DDHlbjjRkoj/?igsh=MWI3ajA0NmN0eWw4MQ==,https://www.instagram.com/reel/DDvdqxIJcbe/?igsh=MWZxZDI1Z25vcnlibw%3D%3D,
https://www.instagram.com/p/DBCHfCQOW5f/,https://www.instagram.com/reel/DFJRHdyCXB0/?igsh=YXpzem4ycTRpd3Fm,https://www.instagram.com/reel/DFOqo61NrJu/?igsh=MnIyNnFrczB0aDBx,
https://www.instagram.com/p/C9eke3_KsKp/,https://www.instagram.com/reel/C_8SruyRiWq/?igsh=aWY4cXpmOWtjbzVu,https://www.instagram.com/p/DEj-ntbyxb_/,
https://www.instagram.com/p/DDzDC3et49p/,https://www.instagram.com/reel/C-xnl7qyV4i/?igsh=MWIwdXlsNWZlYXd3Ng==,https://www.instagram.com/p/C84vUYRMEtm/,
https://www.instagram.com/p/DGnRu35KVhm/,https://www.instagram.com/reel/C72Jd1-SvaC/?igsh=djZxcTljbHV6MDFo,https://www.instagram.com/p/DCswF7jx5e8/,
https://www.instagram.com/p/DGOeHmPuyKE/,https://www.instagram.com/reel/DG_tdnvS79p/?igsh=MmtwYXpvaXVwNTBm,https://www.instagram.com/p/C_d78KaSl4e/,
https://www.instagram.com/p/DE0sNpYSCKW/,https://www.instagram.com/reel/DF70YuTKCZq/?igsh=M2owNDcxdnhtdHQ=,https://www.instagram.com/p/DAdgNiLSGrC/,
https://www.instagram.com/p/DAxERjQvr3Q/,https://www.instagram.com/reel/DF5bNyhKgZl/?igsh=a2UyY3c1c241eGhp,https://www.instagram.com/reel/DFAu11XxvX-/,
https://www.instagram.com/p/DBq7rHxvg2o/,https://www.instagram.com/reel/DGBxtJ7xJ4Y/?igsh=MWF3bGthN2pkNjRjeg==,https://www.instagram.com/p/C-S-AL0tIoy/,
https://www.instagram.com/p/DCj-US2S_rX/,https://www.instagram.com/reel/DFNuCAoRo3X/?igsh=MTJ3c3FvaWU4ZzZ0aA==,https://www.instagram.com/p/DAlofevvKBf/,
https://www.instagram.com/p/DDQFhOVy2Cp/,https://www.instagram.com/reel/DGv6S7GxPUz/?igsh=cmo2N2ZuaTV4emQ=,https://www.instagram.com/reel/DE7cjKBNcY4/?igsh=MTNyY2l3bzM5b2Q3,
https://www.instagram.com/p/DHbjAxavLKw/,https://www.instagram.com/reel/DGKVUCuMpWe/?igsh=MWltZzFhdWlsZjZuaw==,https://www.instagram.com/p/C8Cpii4PB1u/,
https://www.instagram.com/p/DG6trYiSuRk/,https://www.instagram.com/reel/DDxA-35R5aH/?igsh=eHJ1NGdsYmg1djYw,https://www.instagram.com/p/DDDbVpExlO7/,
https://www.instagram.com/p/DJk0SK4PsRf/,https://www.instagram.com/reel/DDxA-35R5aH/?igsh=eHJ1NGdsYmg1djYw,https://www.instagram.com/p/DBZtLTpv91b/,
https://www.instagram.com/p/DIRU3AjMbQd/,https://www.instagram.com/reel/DFPNF7az3c0/?igsh=MWg3d2R2OHZpZ3FyMw==,https://www.instagram.com/p/DCopsVERQ_N/,
https://www.instagram.com/p/DJ-BT_jhOGw/,https://www.instagram.com/reel/DFPNF7az3c0/?igsh=MWg3d2R2OHZpZ3FyMw==,https://www.instagram.com/p/C9XVmDQS2z-/,
https://www.instagram.com/p/DHqvVhOpf3P/,https://www.instagram.com/reel/DFPNF7az3c0/?igsh=MWg3d2R2OHZpZ3FyMw==,https://www.instagram.com/reel/C4VceenL2Wq/,
https://www.instagram.com/p/DFnZDTkpEVt/,https://www.instagram.com/reel/DFPNF7az3c0/?igsh=MWg3d2R2OHZpZ3FyMw==,https://www.instagram.com/reel/DDWwZtZi4Jt/,
https://www.instagram.com/p/C88FX6ZJejL/,https://www.instagram.com/reel/DFV2TiPxALv/?igsh=dGR2ajZ3Z2lncWR2,https://www.instagram.com/p/C89iASFu7GA/,
https://www.instagram.com/p/C7uBpllO5HM/,https://www.instagram.com/reel/DGRD9riyxeh/?igsh=Z3Jtb2NhdDh0dmZ3,https://www.tiktok.com/t/ZT2MLXA1Y/,
https://www.instagram.com/p/DEVLB4LNTGi/,https://www.instagram.com/reel/DGRD9riyxeh/?igsh=Z3Jtb2NhdDh0dmZ3,https://www.instagram.com/reel/DAq-UDcITU5/?igsh=cnNkdHV0Ym1zY3Ju,
https://www.instagram.com/p/DGfd2sQN5Zd/,https://www.instagram.com/reel/C31QykiLnT_/?igsh=Z3g0NHJkcWl4cWF6,https://www.instagram.com/reel/DEc3jW6p1Ws/?igsh=M3draTd2OW11Ym80,
https://www.instagram.com/p/DIhivhvtN3q/,https://www.instagram.com/reel/C_Bl2y2RJni/?igsh=MTFoYWZ0NjY2ZWF1dQ==,https://www.instagram.com/reel/DBiVM_Xxpwf/?igsh=MWc3ZTl1aGR1d250aQ%3D%3D,
https://www.instagram.com/p/DEVvjQ7ykOE/,https://www.instagram.com/reel/DGTno6URBTX/?igsh=MW5ua2pqdTFoaDFybA==,https://www.instagram.com/reel/DEiIMQxx8q3/?igsh=MXJwMW05cW5qYTVsbA==,
https://www.instagram.com/p/DFocRjvSozC/,https://www.instagram.com/reel/DJVlLDBKYZ0/?igsh=ejAzZnlmNmpud2J6,https://www.instagram.com/p/C-3m2q5pkLq/,
https://www.instagram.com/p/DGMh-hXPnoa/,https://www.instagram.com/reel/DJVlLDBKYZ0/?igsh=ejAzZnlmNmpud2J6,https://www.instagram.com/reel/C83vXP6NqXU/,
https://www.instagram.com/p/DIzpRHbT_TG/,https://www.instagram.com/reel/DHDRgcxyd8G/?igsh=c2szNWx2Nm5wMXEz,https://www.tiktok.com/t/ZT2MLqDUQ/,
https://www.instagram.com/p/DDNuiUFxxlq/,https://www.instagram.com/reel/DHDRgcxyd8G/?igsh=c2szNWx2Nm5wMXEz,https://www.instagram.com/p/DIBDSW9Maq7/,
https://www.instagram.com/p/DIj5O3MyVHG/,https://www.instagram.com/reel/DJZ_CtPJR5E/?igsh=dmd6NjRqeDN2enZ5,https://www.instagram.com/p/DDfZ4qZPTN8/,
https://www.instagram.com/p/DJo3pbSOewc/,https://www.instagram.com/reel/C_lO7KyuDj1/?igsh=MTYxdDcyeHNnZHB3aA==,https://www.instagram.com/p/DGF_p8lORgI/,
https://www.instagram.com/p/CkB_JD8AGUG/,https://www.instagram.com/reel/DDf6EC5s5-H/?igsh=cjF6cGl0cjc0OGgz,https://www.instagram.com/georgiaheins/reel/C8Z9DfdMgZ_/,
https://www.instagram.com/p/DIjeoDjOE1V/,https://www.instagram.com/reel/DJo3N_GzYKg/?igsh=MTI0dXNsbXNyandzZQ==,https://www.instagram.com/p/DH2KovNtk8l/,
https://www.instagram.com/p/DIooHc-uLiC/,https://www.instagram.com/reel/DKBWtrNx557/?igsh=cWE2cDhndnQ2Y2ts,https://www.instagram.com/p/DHD4frVya7Z/,
https://www.instagram.com/p/DI4Axd5uyba/,https://www.instagram.com/reel/Czq2Lb6NWkI/?igsh=dDl2eWhjcTh1cnAz,https://www.instagram.com/p/DFCyBHfNnlZ/,
https://www.instagram.com/p/DDdGKL6zCFJ/,https://www.instagram.com/reel/C0cF7LQNqL4/?igsh=aGhlZWE1ZDZkcXh6,https://www.instagram.com/reel/C50_VCluWFe/?utm_source=ig_web_copy_link&igsh=MzRlODBiNWFlZA==,
https://www.instagram.com/p/DJrl9Pmq_LL/,https://www.instagram.com/reel/C2s8Qeup-Nh/?igsh=MTU2OWRwbzF2Y240aw==,https://www.instagram.com/p/C5AmorRpUqF/,
https://www.instagram.com/p/DI_-E7xTtZe/,https://www.instagram.com/reel/DJN3OqBxV7X/?igsh=MTdwM3Yza2lpbmZwZw==,https://www.instagram.com/p/C5yjeP-REZx/,
https://www.instagram.com/p/DJVJEiySisD/,https://www.instagram.com/reel/DItapuuuHnE/?igsh=aW14ZGJuY204aHpi,https://www.instagram.com/p/C-M1nkcNPAV/,
https://www.instagram.com/p/C-GGurMg_oU/,https://www.instagram.com/reel/DC5ioSRMrnS/?igsh=MTVqZjl2cWxpazMxcQ==,https://www.instagram.com/jeffnippard/reel/C9zuGtYJ8ck/,
https://www.instagram.com/p/DEDJgR6xoZ5/,https://www.instagram.com/reel/DGeZHrVM4vy/?igsh=aGF5aWl4MGE2czE5,https://www.instagram.com/p/C-9slRRoYAA/,
https://www.instagram.com/p/DGB-No4sLu_/,https://www.instagram.com/reel/DHnNV-Xuqsz/?igsh=bDE2YXN2bG9uZmNv,https://www.instagram.com/sethwickstrom_fitness/reel/DB1WXxVx6B4/,
https://www.instagram.com/p/DJh9fXVNcsz/,https://www.instagram.com/reel/DHnNV-Xuqsz/?igsh=bDE2YXN2bG9uZmNv,https://www.instagram.com/reform.nutrition.training/reel/C6SEO0svXyy/,
https://www.instagram.com/p/DJrvIHnusiZ/,https://www.instagram.com/reel/DJLDEOEs6va/?igsh=aTR1ajg3dzJmMml0,https://www.instagram.com/share/BAKR4pqxlZ,
https://www.instagram.com/p/DKAPOykMDVp/,https://www.instagram.com/reel/DJLDEOEs6va/?igsh=aTR1ajg3dzJmMml0,https://www.instagram.com/share/BAOoa4qroW,
https://www.instagram.com/p/DBRDGTruRnD/,https://www.instagram.com/reel/DJsGqhkOeQ7/?igsh=MWp3d2NrYjA1Ymswbg==,https://www.instagram.com/share/BAExbVPhak,
https://www.instagram.com/p/DICl4f5s8ER/,https://www.instagram.com/reel/DGjzbYcRbnw/?igsh=MWF6NXMwbjIxZ3N4dA==,https://www.instagram.com/share/BA7hIj8Es8,
https://www.instagram.com/p/C3bJ3GTR48i/,https://www.instagram.com/reel/DH7oek1IvWu/?igsh=Z3BodmhzaW9rM3dh,https://www.instagram.com/p/DEirLE_s0QS/,
https://www.instagram.com/p/C_34nDBiB9C/,https://www.instagram.com/reel/DJ-8Q5VoPiL/?igsh=YWw5eXZqd2k5amph,https://www.instagram.com/p/DEqFNhryVXt/,
https://www.instagram.com/p/C4CBAu5ro2l/,https://www.instagram.com/reel/DGnC-quOyMM/?igsh=MXVoaHhkcGV6a3B3aQ==,https://www.instagram.com/calltoleap/reel/C2tER1GvhOc/,
https://www.instagram.com/p/C96l2xnSROJ/,https://www.instagram.com/reel/DGdOAZ6p6MJ/?igsh=MXhxMzk5aWRibHowdQ==,https://www.instagram.com/calltoleap/reel/C9atuV6s3J0/,
https://www.instagram.com/p/C-MoXTtSBpR/,https://www.instagram.com/reel/DHopZTaRYaW/?igsh=YXBqNGt3ZDllaXRi,https://www.instagram.com/marktilbury/reel/DEkDrvSojnz/,
https://www.instagram.com/p/DGSkuVTppdQ/,https://www.instagram.com/reel/DIhyeSkNycZ/?igsh=dWJkZXg0cm84YXZy,https://www.instagram.com/ultimateivyleagueguide/reel/CoNHORnOLUt/,
https://www.instagram.com/p/DIJLRBGJrO9/,https://www.instagram.com/reel/DIme10Oykik/?igsh=MTN4cjlnMzNxYWswbA==,https://www.instagram.com/ultimateivyleagueguide/reel/Co5Kp8QLhRZ/,
https://www.instagram.com/p/DBqfAOeo7n9/,https://www.instagram.com/reel/DIxI-kct4js/?igsh=MWttNWdocTdvejdkNg==,https://www.instagram.com/calltoleap/reel/C4wQD6DPqTe/,
https://www.instagram.com/p/DELXjlfBxNH/,https://www.instagram.com/reel/DJ4jNIEN6qr/?igsh=ZnB5OWJxZzRtcWZv,https://www.instagram.com/kelseypoulter/reel/DDpruSIJm9i/,
https://www.instagram.com/p/DH_aCi2x9B3/,https://www.instagram.com/reel/DE0v1g1sX1c/?igsh=MTVwazc4d3p2c3pqaA==,https://www.instagram.com/kelseypoulter/reel/DAK0EOTRweE/,
https://www.instagram.com/p/DI331tgR_1Z/,https://www.instagram.com/reel/DBcQDGhB64-/?igsh=Mjc0OXU1OXJ4Y3Y4,https://www.instagram.com/share/BA6XRL1fXU,
https://www.instagram.com/p/DJ92o96vv1s/,https://www.instagram.com/reel/DEgcd0iI2nl/?igsh=MXhqcXN4bmczaHJtbw==,https://www.instagram.com/p/DFydpeiy6GJ/,
https://www.instagram.com/p/DHjY8xvygz5/,https://www.instagram.com/reel/DFkpEV3OpgT/?igsh=dDhtMWRzbXVzeWU=,https://www.instagram.com/p/C5nXYgsy6RR/,
https://www.instagram.com/p/DG3qJ2yTjNv/,https://www.instagram.com/reel/DGUKypPopUg/?igsh=eHl4M3VtMGVoaWpr,https://www.instagram.com/alexandramilne_/reel/C5SsF5IyPLL/,
https://www.instagram.com/p/DDkuEITTls8/,https://www.instagram.com/reel/CzR5dIOLJ3N/?igsh=NDRrazlqNGhubTF2,https://www.instagram.com/p/DCkE_cUo3mq/,
https://www.instagram.com/p/DHJHbSmI1NB/,https://www.instagram.com/reel/C5bQ2cNLoLo/?igsh=MWZpM3NnNndydjE3eQ==,https://www.instagram.com/p/DHtlJGYN5wB/,
https://www.instagram.com/p/C6xk7NsrX0s/,https://www.instagram.com/reel/C5bQ2cNLoLo/?igsh=MWZpM3NnNndydjE3eQ==,https://www.instagram.com/p/DChgwnJyE3b/,
https://www.instagram.com/p/C7jsVK_RnkR/,,https://www.instagram.com/p/C-Alb5KsBwA/,
https://www.instagram.com/p/C7zTedSuWgt/,,https://www.instagram.com/p/DBhHzSeJ_L6/,
https://www.instagram.com/p/C7_5h4_s-GC/,,https://www.instagram.com/p/DGkzdT8Mc21/,
https://www.instagram.com/p/DCosTk2OC_W/,,https://www.instagram.com/p/DHQ-medJYC2/,
https://www.instagram.com/p/DDCXZj4xfbj/,,https://www.instagram.com/p/DGDkKWdPN7W/,
https://www.instagram.com/p/DFvS5Msqu5H/,,https://www.instagram.com/p/DGN4d45NAga/,
https://www.instagram.com/p/DGBUdycqkKl/,,https://www.instagram.com/p/DFGXCydPPOM/,
https://www.instagram.com/p/DGn8f3BK8Z5/,,https://www.instagram.com/p/DGs6ZD6NMaE/,
https://www.instagram.com/p/C0JzcHMoURs/,,https://www.instagram.com/p/DEgJY7yOUYp/,
https://www.instagram.com/p/DHgRUycISsH/,,https://www.instagram.com/p/C-TyArttuFT/,
https://www.instagram.com/p/C1E8IBHoDTH/,,https://www.instagram.com/p/CzjQfxOLpKO/,
https://www.instagram.com/p/C1pvVfuyj9a/,,https://www.instagram.com/p/DC3Zn1Vx7O9/,
https://www.instagram.com/p/C3TUjq9SuZf/,,https://www.instagram.com/p/DFKZBcFRisK/,
https://www.instagram.com/p/C6KCUonSYnB/,,https://www.instagram.com/p/DEICudmOqeQ/,
https://www.instagram.com/p/CiQ4io6pRvV/,,https://www.instagram.com/p/DBhdAc3RY-X/,
https://www.instagram.com/p/ClCifa4JeRn/,,https://www.instagram.com/p/DDce9wDuc8j/,
https://www.instagram.com/p/DJ7oDVOpiFX/,,https://www.instagram.com/p/C0g-j3EJuM6/,
https://www.instagram.com/p/DIhncbwpAWt/,,https://www.instagram.com/p/DDyGbH-xMoc/,
https://www.instagram.com/p/DI5Lu6EJAAI/,,https://www.instagram.com/p/C_D27RuxXHn/,
https://www.instagram.com/p/DJC1kA_TiCa/,,https://www.instagram.com/p/DEP_swuolhm/,
https://www.instagram.com/p/DJUyQcxJSNb/,,https://www.instagram.com/p/Cpf3cfujvTd/,
https://www.instagram.com/p/DJy-YHRT-lQ/,,https://www.instagram.com/p/DG3T4N9xdXD/,
https://www.instagram.com/p/DDu6Lp5K9tT/,,https://www.instagram.com/p/DGn7kKyu_5G/,
https://www.instagram.com/reel/DH3bzWjMWQc/?igsh=MW4zc3ZmNHdmdTJ4Yw==,,https://www.instagram.com/p/DC7SzidSNOX/,
https://www.instagram.com/reel/DIkHo8XzJ11/?igsh=MWV3YzhtcHBrbXEwNg==,,https://www.instagram.com/p/DDKZbeoo1gF/,
https://www.instagram.com/reel/DHtmiivScoa/?igsh=cGkyN3Y4dW53Z201,,https://www.instagram.com/p/DBEeZ2MvZ16/,
https://www.instagram.com/reel/DGRk535vygD/?igsh=NjF2ZGJqcXA4cWRq,,https://www.instagram.com/p/DCoC6YHJ_k1/,
,,https://www.instagram.com/p/DBt0hSaNxqH/,
,,https://www.instagram.com/p/DIGJHsKPfj2/,
,,https://www.instagram.com/p/DG3-nRhyvRq/,
,,https://www.instagram.com/p/DCpBTqzpGdp/,
,,https://www.instagram.com/p/DHWUyptyp9B/,
,,https://www.instagram.com/p/DCrxn_5RFDS/,
,,https://www.instagram.com/p/DIPGBRQR0Sb/,
,,https://www.instagram.com/p/C6Hkr_QRQ60/,
,,https://www.instagram.com/p/DHlNHSfuHoh/,
,,https://www.instagram.com/p/DFNdSUruSOQ/,
,,https://www.instagram.com/p/DE75-Fhyg_T/,
,,https://www.instagram.com/p/DFaQuJYueF1/,
,,https://www.instagram.com/p/Cuq324pIiKY/,
,,https://www.instagram.com/p/DE9tW4dyxlJ/,
,,https://www.instagram.com/p/DIMBlJ4MgHH/,
,,https://www.instagram.com/p/DIWeFGhRT9u/,
,,https://www.instagram.com/p/DIEbK1dSZJ2/,
,,https://www.instagram.com/p/DDxIde3vWO7/,
,,https://www.instagram.com/p/DFNwwbpvxzi/,
,,https://www.instagram.com/p/DHbXdlkIoZh/,
,,https://www.instagram.com/p/DE5r6TspMQA/,
,,https://www.instagram.com/p/DFk6dhNykvl/,
,,https://www.instagram.com/p/DD0PRBppkqQ/,
,,https://www.instagram.com/p/DEDdSAESaFJ/,
,,https://www.instagram.com/p/DDiWd5eSlPC/,
,,https://www.instagram.com/p/DB4om1CIUoZ/,
,,https://www.instagram.com/p/DDGYmIHxlhH/,
,,https://www.instagram.com/p/DB-HjvtP1A9/,
,,https://www.instagram.com/p/DHXLZyrSP0w/,
,,https://www.instagram.com/p/C_3kQAkIuKn/,
,,https://www.instagram.com/reel/DF_Cn86o0Ki/,
,,https://www.instagram.com/reel/DDo0rP9o4Yl/,
,,https://www.instagram.com/p/DDCdiwNO6cO/,
,,https://www.instagram.com/p/DCkDGtppM_u/,
,,https://www.instagram.com/p/DEu0CsYu3Qa/,
,,https://www.instagram.com/p/DCh2GnEzezF/,
,,https://www.instagram.com/p/DHSIRSHJuWc/,
,,https://www.instagram.com/p/DFGZHpOpv9E/,
,,https://www.instagram.com/p/DFLUAphSOE0/,
,,https://www.instagram.com/p/DF58v36zILq/,
,,https://www.instagram.com/p/DHQcFEpuMHI/,
,,https://www.instagram.com/p/DFnjpQ1x5mZ/,
,,https://www.instagram.com/p/DAMZdJhRaKj/,
,,https://www.instagram.com/p/C3-e4acrDdB/,
,,https://www.instagram.com/p/C-AwpFRxDcg/,
,,https://www.instagram.com/p/DDhpuYgRmps/,
,,https://www.instagram.com/p/DEbs2tsxl8_/,
,,https://www.instagram.com/p/DGDy2KMJfQH/,
,,https://www.instagram.com/p/DDP0DJDvdAL/,
,,https://www.instagram.com/p/DCJwFyKvi03/,
,,https://www.instagram.com/p/DDKbMBDPz-R/,
,,https://www.instagram.com/p/DFGFur-uB7M/,
,,https://www.instagram.com/p/DDpulHmx30Z/,
,,https://www.instagram.com/p/DFYO1KMxUoy/,
,,https://www.instagram.com/p/DHI7KYmOgHL/,
,,https://www.instagram.com/p/DH6Nb_7JpIT/,
,,https://www.instagram.com/p/DGaYM9PIO9b/,
,,https://www.instagram.com/p/DE8lZdOOLDa/,
,,https://www.instagram.com/p/DBumWY_tbj-/,
,,https://www.instagram.com/p/DHZJfckxUnr/,
,,https://www.instagram.com/p/DGjhMiPO7bd/,
,,https://www.instagram.com/p/DHGjH0Gioy2/,
,,https://www.instagram.com/p/DIKPqy-TeZ9/,
,,https://www.instagram.com/p/DA35oVOpAAe/,
,,https://www.instagram.com/p/DDmm7ygxvVp/,
,,https://www.instagram.com/p/DFvcBZRp0kh/,
,,https://www.instagram.com/p/DG8MN0rAwpR/,
,,https://www.instagram.com/p/DHjYM2oukHZ/,
,,https://www.instagram.com/p/DHeJtx9IAFv/,
,,https://www.instagram.com/p/DH64SMas1b1/,
,,https://www.instagram.com/p/DIW3NDOORrg/,
,,https://www.instagram.com/p/DINXKt8pBaq/,
,,https://www.instagram.com/p/DHQ7CG0xxmr/,
,,https://www.instagram.com/p/DCQFABDNVWG/,
,,https://www.instagram.com/p/C8k9RkJtXv5/,
,,https://www.instagram.com/p/C5w9HV9Axfe/,
,,https://www.instagram.com/p/DAUl55ypr-C/,
,,https://www.instagram.com/p/C55wTztrNF0/,
,,https://www.instagram.com/p/DIb7EjNxtK4/,
,,https://www.instagram.com/georgiaheins/reel/C9uzMCJMrEL/,
,,https://www.instagram.com/p/DGESNTBT_3p/,
,,https://www.instagram.com/share/BBMxvJRjNv,
,,https://www.instagram.com/p/DGmf0uKMWyK/,
,,https://www.instagram.com/p/DIpVvJUSKam/,
,,https://www.instagram.com/p/DE_9DHKoM-8/,
,,https://www.instagram.com/p/DETjcTPN0Zh/,
,,https://www.instagram.com/p/DFt1sIdSaJU/,
,,https://www.instagram.com/p/DDD1Dk7OjTQ/,
,,https://www.instagram.com/p/DIkf9ExCbNb/,
,,https://www.instagram.com/p/DIwiSA7zyyd/,
,,https://www.instagram.com/p/DI9QVVaRbur/,
,,https://www.instagram.com/p/DF-hWdEu9Pr/,
,,https://www.instagram.com/p/DGwvVNDMQBA/,
,,https://www.instagram.com/p/DD2B1rIRisK/,
,,https://www.instagram.com/p/DDaqJN4P--I/,
,,https://www.instagram.com/p/DGsWskqTaQj/,
,,https://www.instagram.com/p/C2zqnBULDa1/,
,,https://www.instagram.com/p/DFbJ-1QPOc0/,
,,https://www.instagram.com/p/DGoS2GHSMy1/,
,,https://www.instagram.com/p/DIxgLtupDzP/,
,,https://www.instagram.com/p/DEGMBBOo_XH/,
,,https://www.instagram.com/p/DIfQ_5cvLv-/,
,,https://www.instagram.com/p/DICZf5jBuNh/,
,,https://www.instagram.com/p/DHXK02AS5gs/,
,,https://www.instagram.com/p/DIeIvIfJVq1/,
,,https://www.instagram.com/p/DE7egL7M38Z/,
,,https://www.instagram.com/p/C-AvGm9M0UA/,
,,https://www.instagram.com/p/DFnkbJcPxqc/,
,,https://www.instagram.com/p/DFGc51Ly8v3/,
,,https://www.instagram.com/p/DDXkZs6vFMb/,
,,https://www.instagram.com/p/DGgSRpFuIjD/,
,,https://www.instagram.com/p/DIaTxoIJvRL/,
,,https://www.instagram.com/p/DFMzB5sO4TF/,
,,https://www.instagram.com/p/C_s9bBHxACz/,
,,https://www.instagram.com/p/DFQmtK9x_w_/,
,,https://www.instagram.com/p/DHl84zXOnWK/,
,,https://www.instagram.com/p/DEnNQCEv0S6/,
,,https://www.instagram.com/p/DEgLL4XOMGi/,
,,https://www.instagram.com/p/DGsHot9xC6R/,
,,https://www.instagram.com/p/DH-d8R2xUkT/,
,,https://www.instagram.com/p/DDKn9iXPSOS/,
,,https://www.instagram.com/p/DIUEhBYOica/,
,,https://www.instagram.com/p/DDsm8Cny941/,
,,https://www.instagram.com/p/DIFlyqrtHSg/,
,,https://www.instagram.com/p/DBeJWwWOtMw/,
,,https://www.instagram.com/p/DFvT9fMIoE6/,
,,https://www.instagram.com/p/DGg2PpYpPsD/,
,,https://www.instagram.com/p/DGrS_7YRUo7/,
,,https://www.instagram.com/p/DHLps0HiJ2L/,
,,https://www.instagram.com/p/DHGaZL2uwW0/,
,,https://www.instagram.com/p/DAbxF7ZSHq0/,
,,https://www.instagram.com/p/DE5ONXRsxs3/,
,,https://www.instagram.com/p/DHRrPveSTcg/,
,,https://www.instagram.com/p/DCcIsddvdu-/,
,,https://www.instagram.com/p/DEnW3Mmvswc/,
,,https://www.instagram.com/p/DHMtL1GSsy-/,
,,https://www.instagram.com/p/DC4dQVdPuUS/,
,,https://www.instagram.com/p/DHvgHMqRVWI/,
,,https://www.instagram.com/p/C8FTNDKualt/,
,,https://www.instagram.com/p/DDz9y_yyCkz/,
,,https://www.instagram.com/p/DD9tTgdCq_N/,
,,https://www.instagram.com/p/DFpcFScJxjW/,
,,https://www.instagram.com/p/DGB30hXBY7K/,
,,https://www.instagram.com/p/DG39EdnJxuK/,
,,https://www.instagram.com/p/DGojr4HBH4d/,
,,https://www.instagram.com/p/DFJYlNVIzSa/,
,,https://www.instagram.com/p/DIloBsPuj-B/,
,,https://www.instagram.com/p/DF9FMnIJpNJ/,
,,https://www.instagram.com/p/DCPkRMtodQd/,
,,https://www.instagram.com/p/DETUL1KR3U_/,
,,https://www.instagram.com/p/DD-sH_PPLJ4/,
,,https://www.instagram.com/p/DGRrGUKPoZb/,
,,https://www.instagram.com/p/DGTqgBAxh3d/,
,,https://www.instagram.com/p/DFfX1XQTzfP/,
,,https://www.instagram.com/p/DHAewSpJVWu/,
,,https://www.instagram.com/p/DGiv5Q0M1-Q/,
,,https://www.instagram.com/p/DIhOAUAPRMo/,
,,https://www.instagram.com/p/DFtu2nnyrTW/,
,,https://www.instagram.com/p/DIhq7P8PguS/,
,,https://www.instagram.com/p/DIANQRkyYLb/,
,,https://www.instagram.com/p/DEDbAV7tpX5/,
,,https://www.instagram.com/p/DG_4uqYOrJ_/,
,,https://www.instagram.com/p/C-k_-Yev6DU/,
,,https://www.instagram.com/p/DG9UDAUShLs/,
,,https://www.instagram.com/p/DFFuLlcK9j4/,
,,https://www.instagram.com/p/DGcvCDdvEZ2/,
,,https://www.instagram.com/p/DGYjc0dxhU-/,
,,https://www.instagram.com/p/DFTappzSSBa/,
,,https://www.instagram.com/p/DFGDnHYg6hf/,
,,https://www.instagram.com/p/DGPLBgRtX_g/,
,,https://www.instagram.com/p/DIwSdSiIr2d/,
,,https://www.instagram.com/p/ChGIhcPPogC/,
,,https://www.instagram.com/p/DFqGUjORxG4/,
,,https://www.instagram.com/p/DDfdDshTsXK/,
,,https://www.instagram.com/p/DDU0jMMN-gr/,
,,https://www.instagram.com/p/DGN72MwpsAB/,
,,https://www.instagram.com/p/DDmhkgqO1FN/,
,,https://www.instagram.com/p/DGOENqwSVC6/,
,,https://www.instagram.com/p/DB4lAAPPbYZ/,
,,https://www.instagram.com/p/DFtSk25uUH_/,
,,https://www.instagram.com/p/DEEFWvqttJd/,
,,https://www.instagram.com/p/DGMg-VPtL98/,
,,https://www.instagram.com/p/DEd9agVJsuO/,
,,https://www.instagram.com/p/DHxc_kEuDBo/,
,,https://www.instagram.com/p/DFbZEG2yJ1k/,
,,https://www.instagram.com/p/DIbM_TgS5se/,
,,https://www.instagram.com/p/DDqCq5hpH56/,
,,https://www.instagram.com/reel/CyB9bKLOoyp/?igsh=YWJ2cm11Znl4cGZs,
,,https://www.instagram.com/reel/DFhtYRTynQA/?igsh=dHlkZ29zdXNmODM1,
,,https://www.instagram.com/p/DDm0s8rsNV0/,
,,https://www.instagram.com/p/DDP6BaYxh8v/,
,,https://www.instagram.com/p/DEAzDZxS0EH/,
,,https://www.instagram.com/p/DGZSeEvvepa/,
,,https://www.instagram.com/p/DFT4wGoPISG/,
,,https://www.instagram.com/p/DDQwKwgx4iX/,
,,https://www.instagram.com/reel/DEluu94R-dc/?igsh=ZHF4MXBod2pnODMx,
,,https://www.instagram.com/reel/DC8EmdBPqWT/?igsh=MTAyNTFobmFzenY1eg==,
,,https://www.instagram.com/reel/DGMiUGoPLmU/?igsh=ZDR4czk2ZzNnMHYy,
,,https://www.instagram.com/reel/Cx568_TA6DP/?igsh=aXhrb3phdmV6bDk3,
,,https://www.instagram.com/reel/DFp0aJjuEqW/?igsh=d2t5OTl0d2FsNGIx,
,,https://www.instagram.com/reel/DHe4tCOyyJP/?igsh=am9scXViZGtwcjBp,
,,https://www.instagram.com/reel/DFBFcSLSgHL/?igsh=OXY0b2d2YjRlaTJt,
,,https://www.instagram.com/reel/DEX6xCiPIqQ/?igsh=ZnR4cXQyeXdzeTl5,
,,https://www.instagram.com/reel/DEKxvNauJNa/?igsh=dGQzaW41MGVva3p5,
,,https://www.instagram.com/reel/DDxwEtsyLDo/?igsh=MTA0cTFrN3gzbHU0eQ==,
,,https://www.instagram.com/reel/DFhLiCCRCxz/?igsh=emhjdHVhdHFwM3lo,
,,https://www.instagram.com/reel/DF82wujO17l/?igsh=MWd3ZGR4NWRtN3F2eg==,
,,https://www.instagram.com/reel/DE0ZdAMpZpp/?igsh=MWlubWdoMTZidGxyZA==,
,,https://www.instagram.com/reel/DGPAOVtgP2p/?igsh=cW1sYXI2ajh3b24=,
,,https://www.instagram.com/reel/DDkR4liv0sV/?igsh=MWNqZGcycDk4Z2c1Zw==,
,,https://www.instagram.com/reel/DEbPfOAs0Jj/?igsh=ZXcwZGlzamxiY3J3,
,,https://www.instagram.com/reel/DFvEpXyMsWi/?igsh=cjJtZ20zenNhdTh2,
,,https://www.instagram.com/reel/DGyTRjPs-tM/?igsh=MW02MDcwNXppdDJ6OQ==,
,,https://www.instagram.com/reel/DC8xcCbJVSw/?igsh=MWx1YzNobWpud3Qydw==,
,,https://www.instagram.com/reel/DDcNdiARaeE/?igsh=MWdtaTluNHhhemxvbA==,
,,https://www.instagram.com/reel/DEKcWm2Ipy-/?igsh=Ym5hcno0NXM2Ymwz,
,,https://www.instagram.com/reel/DGqD6D4hoJq/?igsh=MXJkbG92Mjl1andzbg==,
,,https://www.instagram.com/reel/DDANx1BxN_O/?igsh=ZzdwODhsdHV4Ymp2,
,,https://www.instagram.com/reel/DIABtwhxHX/?igsh=MXBjOWx1N2VjbDAzaQ==,
,,https://www.instagram.com/reel/DIqAW_ARP4Y/?igsh=cXNqaDM5Mjd1eTQw,
,,https://www.instagram.com/reel/DIrAzqmhy1k/?igsh=MWIxb2syY2N2Y2dobA==,
,,https://www.instagram.com/reel/DElNzz_u22g/?igsh=MTFhNXAyNmJucGJq,
,,https://www.instagram.com/reel/DFD6TSypE2P/?igsh=NXJ1am00cG94ZnE1,
,,https://www.instagram.com/reel/DCkHvJ1z-al/?igsh=MWs4MHBvdHdvMnFpeA==,
,,https://www.instagram.com/reel/DGhCeDQPmKV/?igsh=MWpxNHViZHFkaXVobA==,
,,https://www.instagram.com/reel/DISbkqXJ5SD/?igsh=NTRvbzNtYnNtNnN5,
,,https://www.instagram.com/reel/DDprbmqSyib/?igsh=MWFxeTBvbDltN3EyNw==,
,,https://www.instagram.com/reel/DIAPFYlsfuX/?igsh=MWd4d3ZpaWpodXRpbQ==,
,,https://www.instagram.com/reel/DFV58iERvGm/?igsh=bmw0eXNhamZzZm54,
,,https://www.instagram.com/reel/DG8vTC4pie4/?igsh=cDI2aWtlc3ljMHZr,
,,https://www.instagram.com/reel/DB34v2osmcT/?igsh=MWdhOGJ6MzZ0aXVmcQ==,
,,https://www.instagram.com/reel/C15ByRUp1Rv/?igsh=ZTR6ejYwdWY0YjUx,
,,https://www.instagram.com/reel/DHTamvwsQu8/?igsh=MXd6OXU5NDJ4enJxZg==,
,,https://www.instagram.com/reel/DCvxgmazwDW/?igsh=Y2pjMm1jeWI2MXZz,
,,https://www.instagram.com/reel/DGWHu_rSbku/?igsh=MWxoMjl1azExZ29qZQ==,
,,https://www.instagram.com/reel/DDxoAs_TciE/?igsh=MWc4anZoZXl0ZTM3ZA==,
,,https://www.instagram.com/reel/DA9e_qHyahV/?igsh=MW05NGd1bHJ0YnBycw==,
,,https://www.instagram.com/reel/DBU47L9SRQ4/?igsh=MTNyMjBuNDVzc3Z2dA==,
,,https://www.instagram.com/reel/DFViUxyuruw/?igsh=MXhldXVhOWk2YmozZw==,
,,https://www.instagram.com/reel/DH3cSc0Rs3X/?igsh=MW4xdnJrNTFoZHh5Zw==,
,,https://www.instagram.com/reel/DCVGFh9yqMK/?igsh=MXIzM3dmMGp6bXk0Ng==,
,,https://www.instagram.com/reel/DGrhiv8zOQQ/?igsh=aTA5aWNpbGExb21n,
,,https://www.instagram.com/reel/DG1lPtBS_Lh/?igsh=Z29oYzkzNXoyamMy,
,,https://www.instagram.com/reel/DIZzqD9u-cJ/?igsh=NDF2aGFoemQyY2F3,
,,https://www.instagram.com/reel/DIRbQ9PvbTm/?igsh=MTB2ZWE5dzRtYjB2Mg==,
,,https://www.instagram.com/reel/DH3Kn86stmI/?igsh=MjN5MWZwb3B1dGc3,
,,https://www.instagram.com/reel/DG2_ufDxNQJ/?igsh=dHdyNHh6bDducTMw,
,,https://www.instagram.com/reel/DCK537Ry9-c/?igsh=MTZndGo0NzBhbDd5ZQ==,
,,https://www.instagram.com/reel/DHzjcH2t5Rh/?igsh=NTRjNmo5NGFvczJ6,
,,https://www.instagram.com/reel/DH_Y1jnsjde/?igsh=MnZhZDJqM3BtMDFl,
,,https://www.instagram.com/reel/DHB1amjNDLk/?igsh=NWkxemthMXo5MWU1,
,,https://www.instagram.com/reel/DEYRmDGRTaU/?igsh=dXc4ZnVjcm5pbWpn,
,,https://www.instagram.com/reel/DEkn1RAxZur/?igsh=YXhvc3l1aGxiYmIw,
,,https://www.instagram.com/reel/DGGSGPGOKMa/?igsh=cXFta2FoOGRkMDRz,
,,https://www.instagram.com/reel/CzohD-xx_17/?igsh=MTJocjlmaW5vcWEzZg==,
,,https://www.instagram.com/reel/DFOOvvaxdnT/?igsh=MTM5Z3JyMmU1MWJkcA==,
,,https://www.instagram.com/reel/DDgfQ8CqiQA/?igsh=cGw3YXVrYXFhbXpx,
,,https://www.instagram.com/reel/DEn8q3Av5Qw/?igsh=ZjhrcmIxMXhpcGJ0,
,,https://www.instagram.com/reel/C9QruINS4JX/?igsh=MXF2MWd2OWVnZXFqMw==,
,,https://www.instagram.com/reel/DDK76uDzcV2/?igsh=aWV1cXd1NHp6c2U3,
,,https://www.instagram.com/reel/DHV1A68Rl1I/?igsh=aWl3bml2a2dnenF5,
,,https://www.instagram.com/reel/DGOAQp_xX5D/?igsh=dHM1a3NrYXlsMXM1,
,,https://www.instagram.com/reel/DD3L0x_yzh5/?igsh=MXV6bWI2bngyeGF5cw==,
,,https://www.instagram.com/reel/DELePTnSGAD/?igsh=MWVwaHR5dmwwdG9qOQ==,
,,https://www.instagram.com/reel/DFF6w_INWWc/?igsh=ZXJ3OHp4c3VsbGVy,
,,https://www.instagram.com/reel/DIj99kYuTk0/?igsh=dGpkamZyMmhvYnF1,
,,https://www.instagram.com/reel/DCkmbAcx2zN/?igsh=MTZkcmIyMHV4bDR4cQ==,
,,https://www.instagram.com/reel/DBZtE6ERLOK/?igsh=MWQ4cG84NmE1YTZncw==,
,,https://www.instagram.com/reel/DDw2899RsgM/?igsh=a3VqZ3pyaDRkN3E5,
,,https://www.instagram.com/reel/DDZ30LXs9oL/?igsh=MXg3Y3N1dDZzZW5lMg==,
,,https://www.instagram.com/reel/DFq5P8VSzVD/?igsh=ZXFoN3VsOHV0dmRr,
,,https://www.instagram.com/reel/DF3E-zSuGCe/?igsh=YWJjdmVtOWt6YnVu,
,,https://www.instagram.com/reel/DHyUjujMh6O/?igsh=MWtjNWVyZmF0NGRsaA==,
,,https://www.instagram.com/reel/DDPtPtwMZ9h/?igsh=ampodmR0ZHhvbGJr,
,,https://www.instagram.com/reel/DGlwOhMRkyG/?igsh=a293bmEydGlhNXFy,
,,https://www.instagram.com/reel/C6Zculqy94L/?igsh=Mzkyb2RoMW9kcWg0,
,,https://www.instagram.com/reel/DF-vR6fJuoY/?igsh=aHY0d3lyaTBiaTNy,
,,https://www.instagram.com/reel/DI6uLtcJhqi/?igsh=ZDkyZWtiemk4NGx6,
,,https://www.instagram.com/reel/DIKsKR_PkNr/?igsh=MTJ1MjZyeXk1MmFreQ==,
,,https://www.instagram.com/reel/DE0C6tWPrdA/?igsh=bHJ5ZGpoYTBkZ2hs,
,,https://www.instagram.com/reel/DIShYdlpxE_/?igsh=MXBnNDE0bGhwZGNsdQ==,
,,https://www.instagram.com/reel/DB7bgr7yH6v/?igsh=OGZwM2g0YjFzdjJ2,
,,https://www.instagram.com/reel/DDvfNslO9bO/?igsh=MW51anowazI1OTByaw==,
,,https://www.instagram.com/reel/DEz3aett57y/?igsh=cjI1ZTZkaGxuanNh,
,,https://www.instagram.com/reel/DGD75qfOv40/?igsh=MTBwcXdhdTExazBmaA==,
,,https://www.instagram.com/reel/DG_UiWgyUgO/?igsh=eTdqYm42czV1OGM0,
,,https://www.instagram.com/reel/DD1SdWGv8WW/?igsh=cG4wcXBwNjR4Mzk=,
,,https://www.instagram.com/reel/DG4GxNOuDk2/?igsh=YzI3ODhlaTRkbTk0,
,,https://www.instagram.com/reel/DIjYAm5IQ_R/?igsh=MXNrOTA4NDJzNjFiYQ==,
,,https://www.instagram.com/reel/DGD3gXtJSNH/?igsh=MW5tajcycHl3OXY4MQ==,
,,https://www.instagram.com/reel/DEikNFLuFP2/?igsh=MXJrNHo5NThqNjZ4Mg==,
,,https://www.instagram.com/reel/C5B64cPIrhi/?igsh=MXZpYmlzc3RpNWFobA==,
,,https://www.instagram.com/reel/DImQ3laRb30/?igsh=MW9idTU1aWI2dTN4aw==,
,,https://www.instagram.com/reel/DDSXasqCf_S/?igsh=MWtneXdyaHk4YnM0cg==,
,,https://www.instagram.com/reel/DFGOcEtIjFv/?igsh=cGRsbjl6NzkwdA==,
,,https://www.instagram.com/reel/DCXFyoBobxU/?igsh=M3NtNzY2OHp2d3My,
,,https://www.instagram.com/reel/DIJkuM_OW8I/?igsh=dWJiYTUwNWc5dXlp,
,,https://www.instagram.com/reel/DE_2hH-M11D/?igsh=bGN4M2MzNjltaGln,
,,https://www.instagram.com/reel/DCmTJe5NpZ5/?igsh=c3poZmcycDZ4dWZn,
,,https://www.instagram.com/reel/DDxVEiCRlG8/?igsh=MW1zemVyMWh0MWZ4dQ==,
,,https://www.instagram.com/reel/C8ht9iwpUk6/?igsh=dzVwbWRsaHdrYmp4,
,,https://www.instagram.com/reel/DGLVKBUR6W0/?igsh=dm9tdTd6cGt4bDZj,
,,https://www.instagram.com/reel/DCCjwkbC7Oi/?igsh=MXNpZGJvdGRmdjU0aA==,
,,https://www.instagram.com/reel/DDfxpOkAk5a/?igsh=MTZkMDNjMWpuOGF1cg==,
,,https://www.instagram.com/reel/DEjBuqtxzZU/?igsh=MWxreTIycmhydjZzcQ==,
,,https://www.instagram.com/reel/DI1viVSN5N9/?igsh=bDd2eG9iczRwZ3I1,
,,https://www.instagram.com/reel/DI2FmNmKAN/?igsh=M284Y3o5ZXlxamg1,
,,https://www.instagram.com/reel/DCUaqmTzGkG/?igsh=MWlna2gyeXhvYmdrdA==,
,,https://www.instagram.com/reel/DDxd-jpvwNz/?igsh=b3I4ODBzdG5tMGIw,
,,https://www.instagram.com/reel/DGbQ6H0t1Mv/?igsh=eW5yaWtyeTJzdzUx,
,,https://www.instagram.com/reel/DHmabeBSFJT/?igsh=ZWUxbWJkNjBhaGV2,
,,https://www.instagram.com/reel/DF0vHL3Pahk/?igsh=MTg1OGRxOWN0dDJ2bA==,
,,https://www.instagram.com/reel/C8fU6cyP3Hc/?igsh=MXF0aGVjNnZtMzJkaw==,
,,https://www.instagram.com/reel/DAB359mSW5F/?igsh=MTlleXp4Yms4Mm80Mw==,
,,https://www.instagram.com/reel/DEd6_6yJOi3/?igsh=MXN0bW9lb3QwcHVuaQ==,
,,https://www.instagram.com/reel/DGefW1ANb0D/?igsh=bXZreWliZ2thb2Vz,
,,https://www.instagram.com/reel/DFyxVP4xBm6/?igsh=MXdmM2xhdTBlMDRjNA==,
,,https://www.instagram.com/reel/C_z-Hy2S4j7/?igsh=d3diN3lldGZ6cWZz,
,,https://www.instagram.com/reel/CsVU4YTuQlg/?igsh=MWE3a2R0NWxqNXJrdQ==,
,,https://www.instagram.com/reel/DGR8OoSsssd/?igsh=MTBmOG9nbjhrZ24zcg==,
,,https://www.instagram.com/reel/C9z8e7aO6Z4/?igsh=MXdrZmdjaTZ3ZHI5cA==,
,,https://www.instagram.com/reel/DFUrWD3P_uA/?igsh=YzI4NmZveTc3ZDQy,
,,https://www.instagram.com/reel/DCuVL0VPLjU/?igsh=MXgzZDd5NXNvaG02aA==,
,,https://www.instagram.com/reel/DExHLTotGlt/?igsh=MTRxN3c4bm13MzF4Mw==,
,,https://www.instagram.com/reel/DFKru9CSKpb/?utm_source=ig_web_copy_link,
,,https://www.instagram.com/reel/DHgpcAXJMT8/?igsh=cmVoZ3VvOGM0bDJo,
,,https://www.instagram.com/reel/DEnKwgGJi9p/?igsh=MWV0eTU3YjhuYndsbA==,
,,https://www.instagram.com/reel/DFbEwDjTJh-/?igsh=anFpdWFkM2ExajZo,
,,https://www.instagram.com/reel/DFD3FqAvSh9/?igsh=MW11eGZhNmF5bDBuZQ==,
,,https://www.instagram.com/reel/DEaf5GfpUy7/?igsh=MXNsaDJtNHlnd21jMA==,
,,https://www.instagram.com/reel/DJC1PslvU1Z/?igsh=a2QzbGZyMm92Y241,
,,https://www.instagram.com/reel/DIXVEpRSrDR/?igsh=MXA3a3FodmNwenNl,
,,https://www.instagram.com/reel/C17LtU2Ltov/?igsh=bmkzMm1saG04cTdh,
,,https://www.instagram.com/reel/DGmFoxiSikU/?igsh=ZTdzenI5aDdhbDVq,
,,https://www.instagram.com/reel/DGVJ3n3SGhc/?igsh=MXQwbWJwcGg2cjc1eA==,
,,https://www.instagram.com/reel/DGT9NI2pbX5/?igsh=MWhnaDh3NTZhdHA1eg==,
,,https://www.instagram.com/reel/DHWAfqwv5Xf/?igsh=cm93YWIwemxvZDYy,
,,https://www.instagram.com/reel/DCXqEOfya7M/?igsh=MXRmZjR6M2VqbjdycA==,
,,https://www.instagram.com/reel/DG8YeQTs9XW/?igsh=MmFvMDh6MHV1cG53,
,,https://www.instagram.com/reel/DA_7YdHo3S2/?igsh=MWwzZWxuOTdrODU5eA==,
,,https://www.instagram.com/reel/C5rJryFoZZH/?igsh=MWFwcW94aDVzcTNkMg==,
,,https://www.instagram.com/reel/DFBxNBuuKZw/?igsh=MTRoZHZhcDF6cG1k,
,,https://www.instagram.com/reel/C_oT5Ibpvlf/?igsh=cjI2cjI2dzRidTQ0,
,,https://www.instagram.com/reel/C_J2pr9uWut/?igsh=MW8zaHN4bHB0OTFxdQ==,
,,https://www.instagram.com/reel/DGgLtQEIgKH/?igsh=emgydmY5NzEyYnBv,
,,https://www.instagram.com/reel/DDAJK6STXlR/?igsh=MWI4c2xpY3p1OXl1cw==,
,,https://www.instagram.com/reel/DENwo4Fvh6f/?igsh=dWVyMGZud3dteWs0,
,,https://www.instagram.com/reel/DFBJYnGyr_a/?igsh=b2NrM2o5MGw4OHhl,
,,https://www.instagram.com/reel/C6a9V7vuein/?igsh=ZTNsd2QzZHBhbTJ2,
,,https://www.instagram.com/reel/C3nW4P4L_xf/?igsh=cXF5eno1eHVzMWY0,
,,https://www.instagram.com/reel/DDkbXWpucvG/?igsh=dmI2NmgzbjExZzh0,
,,https://www.instagram.com/reel/DGoOJxMyffy/?igsh=OHF5NHJkbzB3dXow,
,,https://www.instagram.com/reel/DEiHlooJML/?igsh=MWZ3dnl6anI3cTh4bA==,
,,https://www.instagram.com/reel/DGCUWxRJ0A4/?igsh=MWo2MzNvejQ5ZW5hNQ==,
,,https://www.instagram.com/reel/DFVrVTFx1Cu/?igsh=cm56Zm11andjc2sx,
,,https://www.instagram.com/reel/DIj9O4Az5GC/?igsh=MWRpeGRrcGphb3o1eQ==,
,,https://www.instagram.com/reel/DFLP70LKvi1/?igsh=cXo1MWhodnNrYzg=,
,,https://www.instagram.com/reel/DEaUlTYI47b/?igsh=MXhvcHVxZjZvZzd0bg==,
,,https://www.instagram.com/reel/DGllDnGP4GS/?igsh=MXA2ZDE3NThvc2xjdg==,
,,https://www.instagram.com/reel/DAGWXZ5OnJ_/?igsh=a2NjMTRrMjl0dzk4,
,,https://www.instagram.com/reel/DDkarIGP6Da/?igsh=MW1uNTdrZ2lpcmZ0Yg==,
,,https://www.instagram.com/reel/DFgTirDB5xe/?igsh=OG5pa2lnNTYwYzhw,
,,https://www.instagram.com/reel/DE2qZvqoDAO/?igsh=MWUzanZ4ajNiemZxdA==,
,,https://www.instagram.com/reel/DG1XhISy7_f/?igsh=MXR4ODF2c2k2aGJlbQ==,
,,https://www.instagram.com/reel/DD7Z0GWJrMB/?igsh=MXBlNjF0YzF5c2tobg==,
,,https://www.instagram.com/reel/DCUAbdBB_k_/?igsh=MTh5bWNwcjMyaTkyeA==,
,,https://www.instagram.com/reel/DEtSZ28PQi1/?igsh=MWxvcmN6cHl0bWpoMg==,
,,https://www.instagram.com/reel/DIMbDQhsNyG/?igsh=MTl5dmVrbmV1OWgzdg==,
,,https://www.instagram.com/reel/DFnnhxyvDzC/?igsh=YXUxOGhoazRnc28w,
,,https://www.instagram.com/reel/DF9D6aCT4R2/?igsh=NnVucjM3OWhkNnFj,
,,https://www.instagram.com/reel/DG1WCj0PIML/?igsh=MWlwZzcydTdpc2V2aQ==,
,,https://www.instagram.com/reel/DG1VtMUSQ9h/?igsh=dzE3b3FlbXZjc3R6,
,,https://www.instagram.com/reel/DBXc7jiofht/?igsh=MTIzMGllaHVhcW5xNg==,
,,https://www.instagram.com/reel/DCRJoGbo3oa/?igsh=d3Mzc3E4MWF2d3M=,
,,https://www.instagram.com/reel/DEabsX3pRsJ/?igsh=ZmlkZ3draG16OXJq,
,,https://www.instagram.com/reel/DId6_M-AwGL/?igsh=bW8zc212eTR0Y3V5,
,,https://www.instagram.com/reel/DHEL0_cRwNA/?igsh=MTRsY2phZ3d0MzFmag==,
,,https://www.instagram.com/reel/DEdSzXhzTEH/?igsh=cXI2MDcyd2ZobHVy,
,,https://www.instagram.com/reel/DIOvPayMKgS/?igsh=bGlzMGJ2YXJkdG50,
,,https://www.instagram.com/p/DHiMzqvR_MQ/,
,,https://www.instagram.com/fitfoodieliving/reel/DBHpSdgRdvh/,
,,https://www.instagram.com/p/DHGn-H-xNeV/,
,,https://www.instagram.com/reel/C9FQ-W1OJtc/,
,,https://www.instagram.com/alexgamblecoach/reel/C3r2FM5vhAH/,
,,https://www.instagram.com/reel/DBTo-UctI9R/,
,,https://www.instagram.com/reel/C9wOIgSJZG1/?utm_source=ig_web_copy_link,
,,https://www.instagram.com/noahperlofit/reel/C3dwIEGxeB0/,
,,https://www.instagram.com/p/DCj8U4WJPmj/,
,,https://www.instagram.com/share/BAFmRk0wS1,
,,https://www.instagram.com/share/_o1hsHAQW,
,,https://www.instagram.com/p/DC2OpMNJMG2/,
,,https://www.instagram.com/p/DHCafPPxo3w/,
,,https://www.instagram.com/p/DDP3euvJPC4/,
,,https://www.instagram.com/p/DIYZKjtxK7Z/,
,,https://www.instagram.com/p/DDfEcIyTncw/,
,,https://www.instagram.com/tombaileypt/reel/C9bg-usp89W/,
,,https://www.instagram.com/share/_-96Kqts3,
,,https://www.instagram.com/p/DEyUjeIyn-w/,
,,https://www.instagram.com/p/DFckqW0T8cM/,
,,https://www.instagram.com/p/DHGElSpPqeu/,
,,https://www.instagram.com/p/DIO0xJypZvT/,
,,https://www.instagram.com/p/DFOBiz0ptWc/,
,,https://www.instagram.com/p/DB67qDIih-2/,
,,https://www.instagram.com/p/DGYr4vMKo3T/,
,,https://www.instagram.com/reel/DCRDDUuC1YL/?igsh=eTA3eTV6OGt3dG5x,
,,https://www.instagram.com/reel/DFXKXBaPyn0/?igsh=NDVuNG90bHNhOXY=,
,,https://www.instagram.com/reel/DG0qjQ7S-GD/?igsh=cndidHU3NXZwd282,
,,https://www.instagram.com/reel/DIn291GI4Fa/?igsh=b294b3ZyMmx5bDJk,
,,https://www.instagram.com/reel/DDNgWJliAUR/?igsh=MW03ZndyNWo4bXlodA==,
,,https://www.instagram.com/reel/DHrRQ2uv22F/,
,,https://www.instagram.com/p/DCeVnXro9Xd/,
,,https://www.instagram.com/georgiaheins/reel/C-QSr3qS4Cb/,
,,https://www.instagram.com/p/DGb8XGgtwN5/,
,,https://www.instagram.com/alexgamblecoach/reel/C9Zb1ZOP-Tl/,
,,https://www.instagram.com/reel/C5yQUs6LQMM/?utm_source=ig_web_copy_link,
,,https://www.instagram.com/share/BAGNNxOLAP,
,,https://www.instagram.com/share/BAPOeL5mmh,
,,https://www.instagram.com/p/DGTiPPMygzM/,
,,https://www.instagram.com/p/DG8lDUFoouT/,
,,https://www.instagram.com/p/DBWFRQqO3Nt/,
,,https://www.instagram.com/p/C22y9caxGf6/,
,,https://www.instagram.com/p/DDh_Y0PzPi9/,
,,https://www.instagram.com/p/DCKUo2tSsBe/,
,,https://www.instagram.com/p/DIKYWrVpgp4/,
,,https://www.instagram.com/p/DHzxZ28x4KX/,
,,https://www.instagram.com/p/C84rOEixNKS/,
,,https://www.instagram.com/p/DB7OnuqSYBr/,
,,https://www.instagram.com/p/DH1SDq_qBny/,
,,https://www.instagram.com/p/DDFJKmqozH6/,
,,https://www.instagram.com/p/DHaw56FzsOe/,
,,https://www.instagram.com/p/DIFEWODyeM0/,
,,https://www.instagram.com/p/DHYuMQYp0Kv/,
,,https://www.instagram.com/p/DIfDhHqTlkW/,
,,https://www.instagram.com/p/DIyeda6xw9w/,
,,https://www.instagram.com/p/C2SNZy0gL-x/,
,,https://www.instagram.com/p/DHRsoELBphP/,
,,https://www.instagram.com/p/DETLyaexWaQ/,
,,https://www.instagram.com/p/DHU2-6vxXxm/,
,,https://www.instagram.com/p/DIOwnaJJ976/,
,,https://www.instagram.com/p/DF6K0b0Rt9b/,
,,https://www.instagram.com/p/DDHW7loz2jm/,
,,https://www.instagram.com/p/DGdz4nPSXvz/,
,,https://www.instagram.com/p/DH9gry2heFS/,
,,https://www.instagram.com/p/DAw01riSVei/,
,,https://www.instagram.com/p/DHcv_7uBv1p/,
,,https://www.instagram.com/p/DCZ9dK9Jjlw/,
,,https://www.instagram.com/p/DDxoAs_TciE/,
,,https://www.instagram.com/reel/DHBslKRvZ7_/?igsh=MW83azY5b2s2YTEzag==,
,,https://www.instagram.com/reel/DFYHUihoaFK/?igsh=MXF3ZDZ2dmRwZmZpeA==,
,,https://www.instagram.com/reel/DH2VMvQNFXc/?igsh=MTNrejltdnZ3YW94eg%3D%3D,
,,https://www.instagram.com/p/DImqKRqy4xr/,
,,https://www.instagram.com/reel/DFLw3SmSNti/,
,,https://www.instagram.com/reel/DEj-ntbyxb_/?igsh=MW8xdjFpYWRtc2hmdQ==,
,,https://www.instagram.com/p/DETO9Z0u5cN/,
,,https://www.instagram.com/reel/DEtoEgJSVhy/,
,,https://www.instagram.com/reel/DEd9AFGydqg/,
,,https://www.instagram.com/reel/DEUEvFzyL_o/,
,,https://www.instagram.com/reel/DDY83YuSJ-9/,
,,https://www.instagram.com/reel/DDWIHZESamL/,
,,https://www.instagram.com/p/C97orJ_J8vW/,
,,https://www.instagram.com/p/C6G56RQrf9N/,
,,https://www.instagram.com/reel/C94_dh1JEeE/,
,,https://www.instagram.com/reel/DD9yJvGRdoO/,
,,https://www.instagram.com/reel/DFJCpPYTtxw/?igsh=M2oxZjVlNHp6MjQ%3D,
,,https://www.instagram.com/reel/DEVd9n0SEGK/?igsh=MWgwMmYyZXppMnE2Ng==,
,,https://www.instagram.com/reel/C_s9nCBvHTE/?igsh=eWtjdjZsenoxZjVo,
,,https://www.instagram.com/reel/DDxlpp3yLup/?igsh=MXZzNThxN2F2ZTUzcQ==,
,,https://www.instagram.com/p/DA8icSZuuX7/,
,,https://www.instagram.com/reel/DGDiMQMvslT/?igsh=MXc0aTdxMXc2bjVmaA==,
,,https://www.instagram.com/reel/C_oKE1BJZnw/?igsh=MTk4ZWJ0dnVycmNrbw%3D%3D,
,,https://www.instagram.com/p/DChR0akynLv/,
,,https://www.instagram.com/reel/DFbFikLNj5c/?igsh=MTBjbnRla2Fsc25zcQ%3D%3D,
,,https://www.instagram.com/reel/DFq4B3uSYSh/?igsh=ejd2bXM1bTFpZ2ll,
,,https://www.instagram.com/reel/DCz5caZymCk/?igsh=MXVzeGkxc2U1YWl2dQ%3D%3D,
,,https://www.instagram.com/reel/DAfc0ZsRA_f/?igsh=MWFuZDRremIxN2VnOA==,
,,https://www.instagram.com/reel/DD36juzzvlO/?igsh=MWt0a2FsdWdlbTNwcA%3D%3D,
,,https://www.instagram.com/reel/DEIty1ju6EF/?igsh=MWdqemN4bHFxeXFzcg%3D%3D,
,,https://www.instagram.com/reel/DDpTqOovShl/?igsh=MjlxanprY2Z1NWsw,
,,https://www.instagram.com/p/DG7b8SAMjNJ/,
,,https://www.instagram.com/reel/DFUgKb4RGlI/,
,,https://www.instagram.com/reel/DFuMWtZSSEx/,
,,https://www.instagram.com/p/DHyp6wPiRgc/,
,,https://www.instagram.com/p/DGixMnEJ5l3/,
,,https://www.instagram.com/reel/DFq4B3uSYSh/,
,,https://www.instagram.com/p/DAjykz5uqk3/,
,,https://www.instagram.com/p/DDsiifAu14W/,
,,https://www.instagram.com/p/DCcFOykRggl/,
,,https://www.instagram.com/p/C_0whsRP2Op/,
,,https://www.instagram.com/p/DFtp0PRuorw/,
,,https://www.instagram.com/p/DBkmeBPvd7b/,
,,https://www.instagram.com/p/DGQrQ7LvWlV/,
,,https://www.instagram.com/p/DDTjr8rxAjO/,
,,https://www.instagram.com/p/DF-ubrfxnVV/,
,,https://www.instagram.com/p/DF9aqV_JPlA/,
,,https://www.instagram.com/p/C9ARkyWMR8C/,
,,https://www.instagram.com/p/DDP5UpoR9Sl/,
,,https://www.instagram.com/share/BAE6C2ZZ78,
,,https://www.instagram.com/share/_tH1dbAEq,
,,https://www.instagram.com/reel/DEOUKcLPUZe/?utm_source=ig_web_copy_link&igsh=MzRlODBiNWFlZA==,
,,https://www.instagram.com/share/BAJjwss1-k,
,,https://www.instagram.com/share/_58N3lM2x,
,,https://www.instagram.com/p/DFsxrUWI7EY/,
,,https://www.instagram.com/p/DDV2GYxpnmu/,
,,https://www.instagram.com/p/DFqJbiIqCCH/,
,,https://www.instagram.com/p/DCPdQiGoOoz/,
,,https://www.instagram.com/p/DGllUMjIMY3/,
,,https://www.instagram.com/p/DH8wOG0Ke0a/,
,,https://www.instagram.com/p/DHoAC5HtwCn/,
,,https://www.instagram.com/p/DBwOrvcoKvI/,
,,https://www.instagram.com/p/DDAcNRXy2KD/,
,,https://www.instagram.com/p/DFESQ5bMLUy/,
,,https://www.instagram.com/p/DBuQULzybXD/,
,,https://www.instagram.com/p/DEd-dLWvcem/,
,,https://www.instagram.com/p/DICw6TgsuSk/,
,,https://www.instagram.com/p/DH542doMca8/,
,,https://www.instagram.com/p/DB587F_NYOD/,
,,https://www.instagram.com/p/DDYV5gNJ9iq/,
,,https://www.instagram.com/p/DH2JoeSRvJq/,
,,https://www.instagram.com/p/C40yJ7BpdJD/,
,,https://www.instagram.com/p/DGhD18oBVds/,
,,https://www.instagram.com/p/DGwUdIEy0u_/,
,,https://www.instagram.com/p/DC9zT1dx5yT/,
,,https://www.instagram.com/p/DHo4Lj7sXlc/,
,,https://www.instagram.com/p/DIO1bNruotJ/,
,,https://www.instagram.com/p/DG3uAhCPeDB/,
,,https://www.instagram.com/p/DHrtql8y1Mv/,
,,https://www.instagram.com/p/DCC-6Y7CZVm/,
,,https://www.instagram.com/p/DCo8e3Xi-di/,
,,https://www.instagram.com/p/CRZU6CDBcuY/,
,,https://www.instagram.com/p/DD3BkA3vaI9/,
,,https://www.instagram.com/p/DCN08rLTux3/,
,,https://www.instagram.com/p/DDu_J9ZytmA/,
,,https://www.instagram.com/p/DEvMF5Kzqz7/,
,,https://www.instagram.com/p/DIOy5C2A8sb/,
,,https://www.instagram.com/p/DFDQ99NuwNF/,
,,https://www.instagram.com/p/DFYqX_gz5iD/,
,,https://www.instagram.com/p/DGTx0R1zU1v/,
,,https://www.instagram.com/p/DDf3qgvP54t/,
,,https://www.instagram.com/p/DGCMTIdpcvQ/,
,,https://www.instagram.com/p/DAQog1uPOrX/,
,,https://www.instagram.com/p/DE-3lwtPE1v/,
,,https://www.instagram.com/p/DF-_e2MNx8u/,
,,https://www.instagram.com/p/DCAJiSMPRyj/,
,,https://www.instagram.com/p/DBuHW1Io1H2/,
,,https://www.instagram.com/p/C-lMnQ4pCIs/,
,,https://www.instagram.com/p/C_tMbf_p4-Q/,
,,https://www.instagram.com/p/DA1P8ANJxjv/,
,,https://www.instagram.com/p/DHHHlXnpG-a/,
,,https://www.instagram.com/p/DHgZAkCRzQ7/,
,,https://www.instagram.com/p/DGLxdjvR3Se/,
,,https://www.instagram.com/p/DIbTyiMyVek/,
,,https://www.instagram.com/p/DHrfrLyyevs/,
,,https://www.instagram.com/p/DFzAPKqsRip/,
,,https://www.instagram.com/p/DG3qeUpv--T/,
,,https://www.instagram.com/p/DGMTIk2s5Bq/,
,,https://www.instagram.com/p/DGPLfdUv5Zd/,
,,https://www.instagram.com/p/DGd_iXpxGxe/,
,,https://www.instagram.com/p/DG3EbrsReCj/,
,,https://www.instagram.com/p/DFM4apJSCnJ/,
,,https://www.instagram.com/reel/DG6zBv9xjKN/?igsh=MWJ3YW04aG5idDc3NQ==,
,,https://www.instagram.com/reel/DF0gUSRPywO/?igsh=dzYxc2I0amw2OHhr,
,,https://www.instagram.com/p/DHgznKnCq0U/,
,,https://www.instagram.com/p/DC-CO9QTF3R/,
,,https://www.instagram.com/p/DHatudoNK8S/,
,,https://www.instagram.com/p/DHsfGj6TGeA/,
,,https://www.instagram.com/kelseypoulter/reel/DHoe6OgRf6-/,
,,https://www.instagram.com/p/DCmBEffyaPC/,
,,https://www.instagram.com/p/DDEBm2jOYMG/,
,,https://www.instagram.com/p/DIU81u_pdBM/,
,,https://www.instagram.com/p/DIWt7j-O40r/,
,,https://www.instagram.com/p/DHjhY8Vx2bw/,
,,https://www.instagram.com/ultimateivyleagueguide/reel/DBv1NuKOF7u/,
,,https://www.instagram.com/p/DGN51kGIU51/,
,,https://www.instagram.com/p/DCmRfypJw93/,
,,https://www.instagram.com/p/DGygqjJSIXS/,
,,https://www.instagram.com/p/DFJZaQsS7f6/,
,,https://www.instagram.com/p/DIXslTXRPiZ/,
,,https://www.instagram.com/p/DI68Z2axGjl/,
,,https://www.instagram.com/p/DExfsiBu1mI/,
,,https://www.instagram.com/p/DI4JR8TOMdS/,
,,https://www.instagram.com/p/DIyy31iILqd/,
,,https://www.instagram.com/p/DIwpRgJJQPs/,
,,https://www.instagram.com/p/DI1FPNwOoAk/,
,,https://www.instagram.com/p/DGg5Lz2SN0T/,
,,https://www.instagram.com/p/DINf-krxetg/,
,,https://www.instagram.com/p/DFGbEQTziGB/,
,,https://www.instagram.com/p/DG24V2LOxBj/,
,,https://www.instagram.com/p/DEOoZX_xFLz/,
,,https://www.instagram.com/p/DHm-oK2sa90/,
,,https://www.instagram.com/p/DF8rBLCP4SG/,
,,https://www.instagram.com/p/DH-K4dER2wd/,
,,https://www.instagram.com/p/DIz0whmxWk5/,
,,https://www.instagram.com/p/DImOQx6TGCo/,
,,https://www.instagram.com/p/DIgzMCWuK1l/,
,,https://www.instagram.com/p/DIH7JjItEK0/,
,,https://www.instagram.com/p/DIwy5TCT0SN/,
,,https://www.instagram.com/p/DICMQXWOize/,
,,https://www.instagram.com/p/DFRdOhxMQ9H/,
,,https://www.instagram.com/p/C6O91GDLbUc/,
,,https://www.instagram.com/p/C7CMet3rNJG/,
,,https://www.instagram.com/p/DGGicrYRhyi/,
,,https://www.instagram.com/p/DH2RXm7RTGT/,
,,https://www.instagram.com/p/DBrEouTxlUk/,
,,https://www.instagram.com/p/DBtZYwby3Nx/,
,,https://www.instagram.com/p/DIo_nLOz7p1/,
,,https://www.instagram.com/p/DIv7DnJRg42/,
,,https://www.instagram.com/p/DIgryegxxsB/,
,,https://www.instagram.com/p/DIW2ZlcvlaG/,
,,https://www.instagram.com/p/DIz_U_1NY5J/,
,,https://www.instagram.com/p/DH8UvF7NWHN/,
,,https://www.instagram.com/p/DHHB_GOy09_/,
,,https://www.instagram.com/p/DG6zBv9xjKN/,
,,https://www.instagram.com/reel/DImqKRqy4xr/?utm_source=ig_web_copy_link&igsh=MzRlODBiNWFlZA==,
,,https://www.instagram.com/p/DF0gUSRPywO/,
,,https://www.instagram.com/reel/DEIFRU_vg3e/?igsh=MXh6amc4enR3NGY3MA==,
,,https://www.instagram.com/reel/DEgeFb_Oj9J/?igsh=bjRnZWxjcTVzcm84,
,,https://www.instagram.com/p/DExR-xeiVfp/,
,,https://www.instagram.com/p/DIaBg2ySrJP/,
,,https://www.instagram.com/p/DI_btRGiv_A/,
,,https://www.instagram.com/p/DFVkgfAPimi/,
,,https://www.instagram.com/p/DF8XdbERfjy/,
,,https://www.instagram.com/p/DHrK16iM1-B/,
,,https://www.instagram.com/p/DI38P5ANOa1/,
,,https://www.instagram.com/reel/DG-uLBeuoQR/?igsh=MWwzNjBxbjJyNmthbg==,
,,https://www.instagram.com/reel/DGly7tKRY0I/?igsh=MXF0NWp1Y3Rhbnk3NQ==,
,,https://www.instagram.com/reel/DI1s4r7pwHv/?igsh=MXN6dGU0aTRnNTZt,
,,https://www.instagram.com/reel/DImh0cbigzk/?igsh=Z2Niam5yOWJ2cmcw,
,,https://www.instagram.com/reel/DD25g3ayYbg/?igsh=MWV1NTZ5YnplZDRtcw==,
,,https://www.instagram.com/reel/DDDvhNoOKLU/?igsh=OHVvMjFxeXM0eTQy,
,,https://www.instagram.com/reel/DHYDpXxzF1U/?igsh=MTVkMTdiNDA4ZTZ5ZA==,
,,https://www.instagram.com/reel/DEadcffulgR/?igsh=NmxmNGdteWZ1M3Fz,
,,https://www.instagram.com/reel/DB0ogikvRjL/?igsh=MW16d2lyOWd6OXNjeg==,
,,https://www.instagram.com/reel/DINcg69x3zC/?igsh=NzdpZzI0eW02YTNq,
,,https://www.instagram.com/reel/DD5GjKvx7d_/?igsh=dHh2bjJiczJ5b3pp,
,,https://www.instagram.com/reel/DHIm7I7TAOU/?igsh=cnZlaGtkZWI3MXRk,
,,https://www.instagram.com/reel/DFA-_6rSp7Q/?igsh=OTFmZWR0N3pxeW8w,
,,https://www.instagram.com/reel/DHCAe7lTiGn/?igsh=c2Z0ZXJxN2w0emFt,
,,https://www.instagram.com/reel/DGErAlDujW_/?igsh=ejJkNzY3Z3hxaTl4,
,,https://www.instagram.com/reel/DCvyp8lqoSU/?igsh=a3psNnJvcWtrcnly,
,,https://www.instagram.com/reel/DGidAKiuEpN/?igsh=dWVkeDZkZmJ6dGEz,
,,https://www.instagram.com/reel/DDfST-vi3Vj/?igsh=N2V1ZmdpeDVpZ3Fl,
,,https://www.instagram.com/reel/DJAO6ULRkvZ/?igsh=MTN6eW1naTRyOGppbQ==,
,,https://www.instagram.com/reel/DCU89MNOr9z/?igsh=MThnZ2dhdTNpYXBmcw==,
,,https://www.instagram.com/reel/DDN6gx5NDIH/?igsh=MXJ1b2ZmMzhnd3R0aw==,
,,https://www.instagram.com/reel/DIN67zVzrrX/?igsh=MWpzYnluMmNranJhMQ==,
,,https://www.instagram.com/reel/DCuMERyPVD4/?igsh=Ynk1NndwZXA4aDdy,
,,https://www.instagram.com/reel/DD1w5dTqaWa/?igsh=MWMyc3huc21kaHR3bg==,
,,https://www.instagram.com/reel/DEqcQsap3cm/?igsh=OXRkcHN3Y3p5dGVx,
,,https://www.instagram.com/reel/DESlFyRSaeC/?igsh=MWxyNHowa2R2OTY0Mg==,
,,https://www.instagram.com/reel/DItpYikupRg/?igsh=b2tnenZid2pnN21j,
,,https://www.instagram.com/reel/DI5lkjpPfMn/?igsh=eXNzaWZmb3VjcGFw,
,,https://www.instagram.com/reel/DI6qlyqJ9WP/?igsh=N2szbnhja2o0ZWtu,
,,https://www.instagram.com/reel/DF3nqffSL7r/?igsh=MXdzMTk3bnQxOWwyeA==,
,,https://www.instagram.com/reel/DF9uy9DzyJW/?igsh=MTMwc2EzeWk2YmdudQ==,
,,https://www.instagram.com/reel/DGO2HGtOu-C/?igsh=MXAyZ2tzbWJyMW12Mw==,
,,https://www.instagram.com/reel/DDiXCKmurWf/?igsh=MTJiN2N1MGtvbnd0NQ==,
,,https://www.instagram.com/reel/DFGfX6NP6Pn/?igsh=bGlrYTZmNXhqenAy,
,,https://www.instagram.com/reel/DGwAia_yWQT/?igsh=MWZjaXcxcXFlczZ3aA==,
,,https://www.instagram.com/reel/DGNL0Buyid_/?igsh=ZGl5YmZ4bTJjdXNy,
,,https://www.instagram.com/p/DJAIpU1N7b0/,
,,https://www.instagram.com/p/DDxL49LJwSV/,
,,https://www.instagram.com/p/DIIU8EuRq_H/,
,,https://www.instagram.com/reel/DHO0BEavIkr/?igsh=MWRhem4yYzA1Y2ExNw==,
,,https://www.instagram.com/reel/DGc_8U7i-yF/?igsh=eDhpcG9rbGtrbzg4,
,,https://www.instagram.com/reel/DCtwyViukxT/?igsh=emQxcTF1NGx5b2Zi,
,,https://www.instagram.com/reel/DCimp5XxA7o/?igsh=MW9qc2hjZHRnMmZyZQ==,
,,https://www.instagram.com/reel/DHWAUjrROF4/?igsh=MWthZzBuMnVsZ3FzbA==,
,,https://www.instagram.com/reel/DFlD6AYyyHm/?igsh=em1hbXI2enF1MTBm,
,,https://www.instagram.com/reel/DGKGa06O7a_/?igsh=bHdsa2lobXNxMmth,
,,https://www.instagram.com/reel/DEydm_GP0B8/?igsh=MWY1OTBpMmd0MXk2dg==,
,,https://www.instagram.com/reel/DAXBKELOkLP/?igsh=MmloOHc1bXM5cHhh,
,,https://www.instagram.com/reel/DGUOKrcRFKT/?igsh=MXBjZWFrZGs3Mzl6dA==,
,,https://www.instagram.com/reel/DExrL91JUcS/?igsh=MWN6anA2dnhhamoyZg==,
,,https://www.instagram.com/reel/DGludzMRqVt/?igsh=MWRpMmNqY21xYmtpOA==,
,,https://www.instagram.com/reel/DFTWF7opT4B/?igsh=MTc1eG54cHkzdzhlNw==,
,,https://www.instagram.com/reel/DG6_U-JxKtt/?igsh=am9wbnJ4b2JjMjcx,
,,https://www.instagram.com/reel/DEOTavZx5TX/?igsh=MTRkN3AyaDNlaTB0eg==,
,,https://www.instagram.com/reel/DE3A6-up1Nd/?igsh=cHRuZWs4eW9qbmw0,
,,https://www.instagram.com/reel/DEDVhdrSfbP/?igsh=NDVha25oZ2V2M2c2,
,,https://www.instagram.com/reel/DBWgXXAvUh3/?igsh=MXdpcHgxdGlodXVrZw==,
,,https://www.instagram.com/reel/DJANvPCTbH_/?igsh=MTJrYnFsZWVuY2w4eg==,
,,https://www.instagram.com/reel/DHCVNTcy1NM/?igsh=ajFvdjNodHhwNDZ5,
,,https://www.instagram.com/reel/DB9kycqyic8/?igsh=b3EyYWY3bHFnenp2,
,,https://www.instagram.com/reel/DDLA77-SKTM/?igsh=NGg4aGJmZmU5ODJ2,
,,https://www.instagram.com/reel/DFG8vSONo9f/?igsh=MWUxdWx5eXJpeThmbA==,
,,https://www.instagram.com/reel/DDr63MGOLsK/?igsh=MTZxanR2MjdobzJvNw==,
,,https://www.instagram.com/reel/DCke9dGx-7G/?igsh=MXZqMmZkMTJ4dG1ydQ==,
,,https://www.instagram.com/reel/DGOH0THOBSl/?igsh=MXZweHoyNGU0Z201cg==,
,,https://www.instagram.com/reel/DCno0FUObFN/?igsh=Mm1seHZxMWpnMm5o,
,,https://www.instagram.com/reel/DFvWgldxb80/?igsh=enZpOWhjaWpicjRm,
,,https://www.instagram.com/reel/DEArdkWRoI3/?igsh=MThiaXZ2dnBhdjR0cQ==,
,,https://www.instagram.com/reel/C48sQQpI5aS/?igsh=MTIzNGduZmEzYzRudA==,
,,https://www.instagram.com/reel/C5TmBcrrTxF/?igsh=MTlveW5uOWU5aW9wbg==,
,,https://www.instagram.com/reel/C8Zs6wqx2bi/?igsh=ZzU5MHI2NGFzeGxj,
,,https://www.instagram.com/reel/DDubxvxpHc1/?igsh=OWc0cXpuZmx6NG1h,
,,https://www.instagram.com/reel/DIohXabuCQd/?igsh=MTlsNWhhcjhrZzl4cg==,
,,https://www.instagram.com/reel/DEpFrpHRKBN/?igsh=eDhxa2hibWllMGE4,
,,https://www.instagram.com/reel/DHrVRsRyA1t/?igsh=MXU0MTF6dXRpNndsbA==,
,,https://www.instagram.com/reel/DHlvQJEpYK1/?igsh=MTgxcXRpNWlrc2Qzcg==,
,,https://www.instagram.com/reel/DHrP6IqyOPT/?igsh=MW5iMWQ1NWRjN3lvbA==,
,,https://www.instagram.com/reel/DG1ZicxMEJo/?igsh=aHZpN2kzamxibXI1,
,,https://www.instagram.com/reel/DBUGNe5Pn5g/?igsh=aWNqYnEzYnphcHBx,
,,https://www.instagram.com/reel/DIW6N1gto6i/?igsh=Z244Y3Q0NTVvM21l,
,,https://www.instagram.com/reel/DI6pGLUN66W/?igsh=eWJmMTU4eW9jZ21j,
,,https://www.instagram.com/reel/DC2Mg4ON1m0/?igsh=N2R6aW10MHo5NTA4,
,,https://www.instagram.com/reel/DHtlcflN9uQ/?igsh=MXRweTBia2tnZG1vMg==,
,,https://www.instagram.com/reel/DF-i8pixfba/?igsh=MWtpcTh4eXBwc2Z1Nw==,
,,https://www.instagram.com/reel/DGrDjgDuxt0/?igsh=Yzkxb3U5ODBjaWM3,
,,https://www.instagram.com/reel/DG8iDwOuA6R/?igsh=MXhiM3IyYXRycHZyYw==,
,,https://www.instagram.com/reel/DAMm_LMsAxL/?igsh=MTgyZWpwNG05ZHV1dA==,
,,https://www.instagram.com/reel/C_rB-Ntuhe8/?igsh=MWhsazBneHVldG1hcA==,
,,https://www.instagram.com/reel/DIfR8HKN1S-/?igsh=MXpnd2llaDN3aGE2,
,,https://www.instagram.com/reel/DCAp43wtIxP/?igsh=MWZpYzJiaGxnNTFodw==,
,,https://www.instagram.com/reel/DI8xeTdOCGp/?igsh=d3NoMjRtcmxndmh2,
,,https://www.instagram.com/reel/DHorGhlyi3x/?igsh=MXRjbnhxODgxcmF6aw==,
,,https://www.instagram.com/reel/DHZvMput7H8/?igsh=OXlxMmZmcmZzZnc3,
,,https://www.instagram.com/reel/DGYg6fDxohE/?igsh=ajIyZzE1ZnBmZWJn,
,,https://www.instagram.com/reel/DEz4JQYvuSr/?igsh=M2Z1c3Jpd3lrMjJz,
,,https://www.instagram.com/reel/DGv9SwVysky/?igsh=emp3bnJ6c3c2aWQx,
,,https://www.instagram.com/reel/DDqPDWny9a/?igsh=aDczYzE0M200NGRx,
,,https://www.instagram.com/reel/DCZnnxFx-IX/?igsh=MWdxdml5MXQxb3FzYw==,
,,https://www.instagram.com/reel/DG4fj2xxD5n/?igsh=OGR0ajlhNnBhbnF6,
,,https://www.instagram.com/p/DJDLxItzPJV/,
,,https://www.instagram.com/reel/DIotrpKRU6x/?igsh=MTJxaHp1c3lzcjEzMA==,
,,https://www.instagram.com/reel/DGW779fM0nD/?igsh=OTJxZnA0dXBobW4=,
,,https://www.instagram.com/reel/DFdu6ZHxg5i/?igsh=MWU2dmJ2OWw1MHppNw==,
,,https://www.instagram.com/reel/DEBDyQLTOyO/?igsh=Mmd3NG1wbHVneDdz,
,,https://www.instagram.com/reel/DHOxtt0NE6o/?igsh=MWxjMXJpZW8wazl5dA==,
,,https://www.instagram.com/reel/DEz23JVpGgE/?igsh=MXdtdzVwa216cTZicA==,
,,https://www.instagram.com/reel/DHdesfVCuKx/?igsh=MTVqZ2ZubWQyZmdkMA==,
,,https://www.instagram.com/reel/DFX2ud_OwT4/?igsh=MW1ldmtqMmh6Yjd2cA==,
,,https://www.instagram.com/reel/DIhivhvtN3q/?igsh=ZmRuOGthenpjN2I=,
,,https://www.instagram.com/reel/DIxSSv5KcRv/?igsh=MXRxYTRrc240Mm1wbA==,
,,https://www.instagram.com/reel/DIoMIenNube/?igsh=MWZ0NG90Z2hubTJ5dw==,
,,https://www.instagram.com/reel/DCpBtQ8uz1R/?igsh=NXBqM3gwams3dWQw,
,,https://www.instagram.com/reel/DIRVPZNpr9M/?igsh=MWtmaXh6eWk5cHNnaw==,
,,https://www.instagram.com/reel/DEsqSd9SFfS/?igsh=ZXhlcDVnemUwcm9m,
,,https://www.instagram.com/reel/DCufP51puBN/?igsh=cjdreHNxeTlwbXE2,
,,https://www.instagram.com/reel/DHbjAxavLKw/?igsh=MWoyb3kzd2UwN2JpYw==,
,,https://www.instagram.com/reel/DGgxdZ4SRgm/?igsh=cDRtaW03bDNwNGhy,
,,https://www.instagram.com/reel/DEDx84Zy4Fi/?igsh=cHdmNnFxbnNvd2xk,
,,https://www.instagram.com/reel/DH64QI0uzgl/?igsh=MTNzamdyMHY1bzhqMw==,
,,https://www.instagram.com/reel/DDc9OJlvOMl/?igsh=czZyZ2picXR6eWlw,
,,https://www.instagram.com/reel/DDVHvRjsz9k/?igsh=cThzb3VrNHp3ZWh3,
,,https://www.instagram.com/reel/DHtn8PPo5_r/?igsh=MTZtNGc0aXFxaG9mMA==,
,,https://www.instagram.com/reel/DGJDrxePydv/?igsh=Mml6dXljeWF5dGZp,
,,https://www.instagram.com/reel/DGQvN_dJ5cK/?igsh=MThiN2V2eGRqenJ4cA==,
,,https://www.instagram.com/reel/DC2fx6XOD5c/?igsh=MXVyY2lsajhqcDJyYw==,
,,https://www.instagram.com/p/DFdgmSDx5h7/,
,,https://www.instagram.com/p/DHwLIKmuE9a/,
,,https://www.instagram.com/p/DIIB3xdThFN/,
,,https://www.instagram.com/p/C-NrgKvR4KS/,
,,https://www.instagram.com/p/DGgs20kvL2r/,
,,https://www.instagram.com/reel/C79a1LjPGYa/,
,,https://www.instagram.com/p/DCephvLiQuW/,
,,https://www.instagram.com/p/DF2GJJ3vAQq/,
,,https://www.instagram.com/reel/DH4GEtKBzbo/,
,,https://www.instagram.com/p/C66_WyUvgha/,
,,https://www.instagram.com/share/_grFmUWDX,
,,https://www.instagram.com/share/BANskzjs_f,
,,https://www.instagram.com/share/BAdIQWMjhm,
,,https://www.instagram.com/p/DEhk6r4ydum/,
,,https://www.instagram.com/reel/DGRSq17OLPV/,
,,https://www.instagram.com/reel/DFfNiKHOzpr/,
,,https://www.instagram.com/p/DFp2byfojFu/,
,,https://www.instagram.com/p/DFsVpDVOAGf/,
,,https://www.instagram.com/p/DDV4VwitJPo/,
,,https://www.instagram.com/p/DGekQ-6NXjQ/,
,,https://www.instagram.com/p/DGsXCTeS69Z/,
,,https://www.instagram.com/p/DGxOv7Rp2UE/,
,,https://www.instagram.com/p/DFIU9b7OS2h/,
,,https://www.instagram.com/p/DEOVBs8ygXs/,
,,https://www.instagram.com/p/DFdP6ttxN-a/,
,,https://www.instagram.com/p/C6uiWv3p4FC/,
,,https://www.instagram.com/p/DHtmwvQRSUX/,
,,https://www.instagram.com/p/DGA-YAxJXIs/,
,,https://www.instagram.com/p/DGg0dN5vAX1/,
,,https://www.instagram.com/p/DFEFOlTRacT/,
,,https://www.instagram.com/p/DFJJImVx2VW/,
,,https://www.instagram.com/p/DIL_hAYIF-z/,
,,https://www.instagram.com/p/DFZHR-Tvumy/,
,,https://www.instagram.com/p/DHdWHu2sHJi/,
,,https://www.instagram.com/p/DFSbi04zM8c/,
,,https://www.instagram.com/p/DIMxxBuP23X/,
,,https://www.instagram.com/reel/DGd3qJxS7el/?igsh=MXRuOHIydjVtOTUwZQ==,
,,https://www.instagram.com/p/DEnSkHQJwIx/,
,,https://www.instagram.com/reel/DICaRJ6BF2C/?igsh=eTZxamxwMTlsbjdx,
,,https://www.instagram.com/p/DHmdSxESXUy/,
,,https://www.instagram.com/p/DFn2OKuzc7i/,
,,https://www.instagram.com/p/DEtaTDvsV6J/,
,,https://www.instagram.com/p/DICaRJ6BF2C/,
,,https://www.instagram.com/p/DIfVFI6P_3Z/,
,,https://www.instagram.com/reel/DHXVJGsRKa1/?igsh=MXd2Y2MyN2cybW1pcg==,
,,https://www.instagram.com/reel/DHSNzUypHDa/?igsh=MXZ6aTA1a283bHp0dw==,
,,https://www.instagram.com/reel/DF1Kq5CuULS/?igsh=YnBrcnpqbTVwcmsx,
,,https://www.instagram.com/reel/DGV-cE4v6Jy/?igsh=YWU2Zjk3MXpweGkw,
,,https://www.instagram.com/reel/DFdienFJMGK/?igsh=amZrMWdiZGxhd2g0,
,,https://www.instagram.com/reel/DIfR8HKN1S-/?igsh=OHh1eHU2dW9tNG5m,
,,https://www.instagram.com/reel/DDM3Ca6pLGX/?igsh=eGt6Ym0ycmR6enM=,
,,https://www.instagram.com/reel/DDKX5y3Jqts/?igsh=MTFrZXF0c3R3azVsbQ==,
,,https://www.instagram.com/reel/DGtz7JJS7YK/?igsh=ODhhNGVwcXZnZzNo,
,,https://www.instagram.com/reel/DE3nH-wzAhH/?igsh=YjcwM254czM2N29v,
,,https://www.instagram.com/reel/DJ9glMuJNvR/?igsh=MW02bmpqMzdraHlkcA==,
,,https://www.instagram.com/reel/DDpMLXQu-LW/?igsh=MTViN2FvcDYwM3p2dg==,
,,https://www.instagram.com/reel/DDw_e2zvvLJ/?igsh=MTN3N2VhYTdvZWJvcQ==,
,,https://www.instagram.com/reel/DEiM2fopAo0/?igsh=cHZrb2NzcmtsdmF3,
,,https://www.instagram.com/reel/DDfjHQRzGbn/?igsh=emVvc2Z5OXhlcXoy,
,,https://www.instagram.com/reel/DE1fZc6SnDf/?igsh=MXM5bWxwam8yNmhqbg==,
,,https://www.instagram.com/reel/DDe5rnbN7fs/?igsh=bWMwN2pheHBmM2Vv,
,,https://www.instagram.com/reel/DEXlrdtP1nl/?igsh=bWRqbDI2eWJqeGht,
,,https://www.instagram.com/reel/DJT3cRDJqcR/?igsh=MXdzcjRtcmNtemRpaQ==,
,,https://www.instagram.com/reel/DDLN43KSz0M/?igsh=eG93bnE2bzh1Z3J6,
,,https://www.instagram.com/reel/C7UIvEmuhQp/?igsh=OXJpN3pyNGI4dWFo,
,,https://www.instagram.com/reel/C-SR22KOEDY/?igsh=YjE3czhkdDRjYjg1,
,,https://www.instagram.com/reel/C-YmxIwiczC/?igsh=MWUyMWRqNWR5ZXcwdA==,
,,https://www.instagram.com/reel/DEyNhpPPwXs/?igsh=bm96bjR4aXN6eG91,
,,https://www.instagram.com/reel/DEplVoEvFcJ/?igsh=Y2h5eGh6cTF6cThv,
,,https://www.instagram.com/reel/DHXK1SlyovO/?igsh=cnU4aHc3N2drYmJh,
,,https://www.instagram.com/reel/DIdzzy_Cnou/?igsh=OTVqbDg3dWxocHIw,
,,https://www.instagram.com/reel/DFvFEsNRcqD/?igsh=eDUwcjZkYnVyazlv,
,,https://www.instagram.com/reel/C9hxz_hCe6e/?igsh=NzFiYWl4dmhuaDV1,
,,https://www.instagram.com/reel/DJIey1PtOyu/?igsh=YmlyYzg3bHB1dGFu,
,,https://www.instagram.com/reel/DD4T7lpyTzY/?igsh=dG5jb203NGkxYmUz,
,,https://www.instagram.com/reel/DI6Zt3JsBh_/?igsh=Yjd5anM0dGhtNHhq,
,,https://www.instagram.com/reel/DHZyExyyfrQ/?igsh=NnV0Y3F1cjVsdGR3,
,,https://www.instagram.com/reel/DGyyojsB08s/?igsh=MTR0a2k0Zm1uM2hwbg==,
,,https://www.instagram.com/reel/DIGwiaFvq3O/?igsh=dDBodXcxZzg0bmx5,
,,https://www.instagram.com/reel/DI0ymmYu1iD/?igsh=cjBibzVpZXUwaTVr,
,,https://www.instagram.com/reel/DIgbTXSuktw/?igsh=MTZ0am9waGUydW4yMA==,
,,https://www.instagram.com/reel/DIbU9KIOFrm/?igsh=cnpwdWlkMHJnbGxp,
,,https://www.instagram.com/reel/DF8Skc7AQRF/?igsh=MWN4NTc4OHhwN3YxMQ==,
,,https://www.instagram.com/reel/DFZUqRBPFfa/?igsh=MTA2eDh5OHNqNnV3cg==,
,,https://www.instagram.com/reel/DGQrQ7LvWlV/?igsh=eDQ5Z3BsYmY3emJu,
,,https://www.instagram.com/reel/DFlZj3QSg7T/?igsh=MTFhNDBvMmVheWg2,
,,https://www.instagram.com/reel/DHfQLYtRFeW/?igsh=MWN6djBlOGhhM2RuMQ==,
,,https://www.instagram.com/reel/DFVhjc_p39q/?igsh=aTFqenBkcGU2OHR5,
,,https://www.instagram.com/reel/DHqyH8bsanx/?igsh=MWVkZWhxbm11Mm90ag==,
,,https://www.instagram.com/reel/DAXXuQFOlnL/?igsh=ZnZyd2RleHo3cm90,
,,https://www.instagram.com/reel/DCmMdX3NIjq/?igsh=aWdsOTUxbmRscWJm,
,,https://www.instagram.com/reel/DH-PtyWs3bn/?igsh=OHNiMG1rOGVmZGFs,
,,https://www.instagram.com/reel/DDrwl5ix3a0/?igsh=MXE3cG5oejZ2OTJoZA==,
,,https://www.instagram.com/reel/DGVJ3n3SGhc/?igsh=MXJobnJqandrYW5jdQ==,
,,https://www.instagram.com/reel/DGMWqoEym8d/?igsh=MWl2YWhxczNpeG54Ng==,
,,https://www.instagram.com/reel/DIJjSd8Jeay/?igsh=ODl1dnJoczQ3ODhq,
,,https://www.instagram.com/reel/DHl8wDeR7KC/?igsh=MTFwMjQwdTdsd281aQ==,
,,https://www.instagram.com/reel/DFqHuOWvXcg/?igsh=OWR5MWRndm44YW5t,
,,https://www.instagram.com/reel/DFvjm8vJ-y6/?igsh=MXVwdXEwdDN1dWRvbQ==,
,,https://www.instagram.com/reel/DHXENFjAOYb/?igsh=MWEyYTV3eXFoMWNvNQ==,
,,https://www.instagram.com/reel/DDnNX1PzLo5/?igsh=N205cnFvanNwNXMw,
,,https://www.instagram.com/reel/DGDsc_ruW4j/?igsh=ZHBoeGRmeTQyZDNu,
,,https://www.instagram.com/reel/DDmoDpxu50R/?igsh=MWFidm5ndTl0bjlobg==,
,,https://www.instagram.com/reel/DDfKvyZSE2b/?igsh=MXJzOGN6Y2gxeG8yag==,
,,https://www.instagram.com/reel/DI8agH_zOw4/?igsh=MXVoYmdzeWVvYXdyNw==,
,,https://www.instagram.com/reel/DEnHb4QRNMc/?igsh=MXA2eGZoMjU3aTQwdg==,
,,https://www.instagram.com/reel/DFf7WpdREbp/?igsh=MWhtYXZ4Njhzendjdg==,
,,https://www.instagram.com/reel/DJelaYvsooB/?igsh=dWl2Y3lnanpqd2My,
,,https://www.instagram.com/reel/DJKsKpMp4cl/?igsh=MWV6cTM5cjVuM2hkNg==,
,,https://www.instagram.com/reel/DGBNLZVRzl4/?igsh=YmExYmJ3M3p5dTB1,
,,https://www.instagram.com/reel/DIxIjhIxLPU/?igsh=MTVvN3FwNmFnc3czdw==,
,,https://www.instagram.com/reel/DFV6am_Ipao/?igsh=MTBpcnU4ZnpzeGhrYg==,
,,https://www.instagram.com/reel/DFiGBWPIu7c/?igsh=a3E0dmNlYW0xZ3li,
,,https://www.instagram.com/reel/DIryvFFzqXn/?igsh=MTV4dnJ1d255ZDNiag==,
,,https://www.instagram.com/reel/DHRI9vYPydZ/?igsh=ZzNodnQyc2FoYTcz,
,,https://www.instagram.com/reel/DJmmSXgPFLa/?igsh=MXh5djd2NGJ5MHAxZQ==,
,,https://www.instagram.com/reel/DJN-6qyMvND/?igsh=MTNvbDBvdjRrNDhmcA==,
,,https://www.instagram.com/reel/DF3ShMpSeTl/?igsh=MXdhbzJtbXF5NzdqeA==,
,,https://www.instagram.com/reel/DENd0Npx2kM/?igsh=MW8zaTFlbHJmbGdjcw==,